Book Id,Title,Author,Author l-f,Additional Authors,ISBN,ISBN13,My Rating,Average Rating,Publisher,Binding,Number of Pages,Year Published,Original Publication Year,Date Read,Date Added,Bookshelves,Bookshelves with positions,Exclusive Shelf,My Review,Spoiler,Private Notes,Read Count,Recommended For,Recommended By,Owned Copies,Original Purchase Date,Original Purchase Location,Condition,Condition Description,BCID
35657891,Planetside (Planetside #1),Michael Mammay,"Mammay, Michael",,"=""0062694677""","=""9780062694676""",0,4.00,Harper Voyager,ebook,384,2018,2018,,2022/02/08,to-read,to-read (#231),to-read,,,,0,,,0,,,,,
54493401,Project Hail Mary,Andy Weir,"Weir, Andy",,"=""0593135202""","=""9780593135204""",5,4.53,Ballantine Books,Hardcover,476,2021,2021,2021/11/15,2021/04/30,,,read,,,,1,,,0,,,,,
54615879,The Original,Brandon Sanderson,"Sanderson, Brandon","Mary Robinette Kowal, Julia Whelan","=""""","=""""",3,3.84,Recorded Books,Audible Audio,4,2020,2020,2021/10/24,2021/10/04,,,read,,,,1,,,0,,,,,
58419574,"Lux (Texas Reckoners, #1)",Brandon Sanderson,"Sanderson, Brandon",Steven Bohls,"=""""","=""""",4,3.97,Audible Originals,Audible Audio,480,2021,2021,2021/08/30,2021/08/12,,,read,,,,1,,,0,,,,,
48613351,In the Shadow of Lightning (Glass Immortals #1),Brian  McClellan,"McClellan, Brian",,"=""""","=""""",0,4.89,Tor Books,Kindle Edition,576,2022,2022,,2021/08/27,to-read,to-read (#230),to-read,,,,0,,,0,,,,,
42950440,"Heaven's River (Bobiverse, #4)",Dennis E. Taylor,"Taylor, Dennis E.",Ray Porter,"=""""","=""""",4,4.31,Audible Studios,Audible Audio,608,2020,2020,2021/08/12,2021/05/12,,,read,,,,1,,,0,,,,,
55957410,Feedback,Dennis E. Taylor,"Taylor, Dennis E.",Ray Porter,"=""""","=""""",0,3.82,Audible Originals,Audible Audio,1,2020,2020,,2021/08/03,to-read,to-read (#229),to-read,,,,0,,,0,,,,,
24292598,Outland,Dennis E. Taylor,"Taylor, Dennis E.",,"=""""","=""""",0,4.09,,Kindle Edition,360,2015,2015,,2021/08/03,to-read,to-read (#228),to-read,,,,0,,,0,,,,,
57188483,"A Darker Magic (Starship's Mage, #10)",Glynn Stewart,"Stewart, Glynn",,"=""""","=""""",2,4.42,,Kindle Edition,327,2021,2021,2021/08/03,2021/07/14,,,read,,,,1,,,0,,,,,
57189884,"He Who Fights with Monsters (He Who Fights with Monsters, #1)",Shirtaloon,"Shirtaloon, Shirtaloon",,"=""""","=""""",0,4.51,,Kindle Edition,680,2021,2021,,2021/08/02,to-read,to-read (#227),to-read,,,,0,,,0,,,,,
25666050,Algorithms to Live By: The Computer Science of Human Decisions,Brian Christian,"Christian, Brian",Tom  Griffiths,"=""1627790365""","=""9781627790369""",4,4.13,Henry Holt and Co.,Hardcover,368,2016,2016,2021/07/14,2021/06/08,,,read,,,,1,,,0,,,,,
43925920,"Noble's Honor (Changeling Blood, #3)",Glynn Stewart,"Stewart, Glynn",,"=""""","=""""",3,4.55,Faolan's Pen Publishing,Kindle Edition,323,2019,2019,2021/06/03,2021/05/27,,,read,,,,1,,,0,,,,,
10194157,"Shadow and Bone (The Shadow and Bone Trilogy, #1)",Leigh Bardugo,"Bardugo, Leigh",,"=""""","=""""",0,3.96,Henry Holt & Company,Hardcover,358,2012,2012,,2021/05/27,to-read,to-read (#226),to-read,,,,0,,,0,,,,,
40178390,"Hunter's Oath (Changeling Blood, #2)",Glynn Stewart,"Stewart, Glynn",,"=""""","=""""",3,4.49,Faolan's Pen Publishing Inc.,Kindle Edition,,2018,2018,,2021/05/19,,,read,,,,1,,,0,,,,,
51279226,"The Choice of Magic (Art of the Adept, #1)",Michael G. Manning,"Manning, Michael G.",,"=""""","=""""",0,4.43,,Kindle Edition,626,2019,2019,,2021/05/20,to-read,to-read (#225),to-read,,,,0,,,0,,,,,
36595716,"Changeling's Fealty (Changeling Blood, #1)",Glynn Stewart,"Stewart, Glynn",,"=""""","=""""",3,4.34,Faolan's Pen Publishing Inc.,Kindle Edition,310,2017,2017,2021/05/19,2017/11/19,,,read,,,,1,,,0,,,,,
53528390,Orders of Battle (Frontlines #7),Marko Kloos,"Kloos, Marko",,"=""""","=""""",4,4.33,47North,Kindle Edition,269,2020,2020,2021/05/12,2020/11/24,,,read,,,,1,,,0,,,,,
55809682,Dead or Alive (Skulduggery Pleasant #14),Derek Landy,"Landy, Derek",,"=""0008386307""","=""9780008386306""",0,4.43,HarperCollinsChildren’sBooks,Paperback,608,2021,2021,,2021/04/30,to-read,to-read (#224),to-read,,,,0,,,0,,,,,
53936783,The Alpha Protocol (Alpha Protocol #1),Duncan M. Hamilton,"Hamilton, Duncan M.",,"=""""","=""""",0,4.26,,,324,2021,2021,,2021/04/27,to-read,to-read (#223),to-read,,,,0,,,0,,,,,
30558257,"Unsouled (Cradle, #1)",Will Wight,"Wight, Will",,"=""""","=""""",0,4.16,Hidden Gnome Publishing,Kindle Edition,294,2016,2016,,2021/04/27,to-read,to-read (#222),to-read,,,,0,,,0,,,,,
898559,"Icerigger (Icerigger, #1)",Alan Dean Foster,"Foster, Alan Dean",Tim          White,"=""0450030423""","=""9780450030420""",0,3.87,New English Library Ltd,Paperback,320,1976,1974,,2021/04/23,to-read,to-read (#221),to-read,,,,0,,,0,,,,,
34931316,"The Damned Trilogy: A Call to Arms, The False Mirror, and The Spoils of War",Alan Dean Foster,"Foster, Alan Dean",,"=""""","=""""",0,4.11,Open Road Media Sci-Fi & Fantasy,Kindle Edition,958,2017,2017,,2021/04/23,to-read,to-read (#220),to-read,,,,0,,,0,,,,,
56962737,The Old Guard: Tales Through Time #1,Greg Rucka,"Rucka, Greg","Andrew Wheeler, Leandro Fernández, Jacopo Camagni","=""""","=""""",0,4.39,Image Comics,Kindle Edition,31,2021,,,2021/04/20,to-read,to-read (#219),to-read,,,,0,,,0,,,,,
28335698,"Tiamat's Wrath (The Expanse, #8)",James S.A. Corey,"Corey, James S.A.",,"=""0316332879""","=""9780316332873""",3,4.57,Orbit Books,Hardcover,534,2019,2019,,2018/04/22,,,read,,,,1,,,0,,,,,
28335699,"Leviathan Falls (The Expanse, #9)",James S.A. Corey,"Corey, James S.A.",,"=""0356510395""","=""9780356510392""",0,4.55,Orbit ,Hardcover,528,2022,2021,,2021/03/21,to-read,to-read (#218),to-read,,,,0,,,0,,,,,
56454615,"A Darker Magic (Starship's Mage, #10)",Glynn Stewart,"Stewart, Glynn",,"=""1989674143""","=""9781989674147""",0,4.42,Faolan's Pen Publishing,Paperback,325,2021,2021,,2021/02/23,to-read,to-read (#217),to-read,,,,0,,,0,,,,,
52331179,"Seasons of War (Skulduggery Pleasant, #13)",Derek Landy,"Landy, Derek",,"=""0008386234""","=""9780008386238""",5,4.49,HarperCollins Publishers,Hardcover,592,2020,2020,,2021/02/12,,,read,,,,1,,,0,,,,,
55050273,Father-ish: Laugh Out-Loud  Tales from a Dad Trying Not to Ruin His Kids' Lives,Clint Edwards,"Edwards, Clint",,"=""""","=""""",0,4.01,Page Street Publishing,Kindle Edition,288,2020,,,2021/02/05,currently-reading,currently-reading (#1),currently-reading,,,,1,,,0,,,,,
49021976,"Rhythm of War (The Stormlight Archive, #4)",Brandon Sanderson,"Sanderson, Brandon",,"=""0765326388""","=""9780765326386""",5,4.62,Tor Books,Hardcover,1230,2020,2020,2021/01/18,2020/11/19,,,read,,,,1,,,0,,,,,
4932435,"Finnikin of the Rock (Lumatere Chronicles, #1)",Melina Marchetta,"Marchetta, Melina",,"=""0670072818""","=""9780670072811""",0,3.88,Viking Australia,Paperback,416,2008,2008,,2020/12/05,to-read,to-read (#216),to-read,,,,0,,,0,,,,,
29103028,"The Queen's Poisoner (Kingfountain, #1)",Jeff Wheeler,"Wheeler, Jeff",,"=""""","=""""",0,4.08,47North,Kindle Edition,336,2016,2016,,2020/12/05,to-read,to-read (#215),to-read,,,,0,,,0,,,,,
36373298,"Trail of Lightning (The Sixth World, #1)",Rebecca Roanhorse,"Roanhorse, Rebecca",,"=""1534413499""","=""9781534413498""",0,3.96,Saga Press,Hardcover,287,2018,2018,,2020/12/05,to-read,to-read (#214),to-read,,,,0,,,0,,,,,
37173847,"Foundryside (The Founders Trilogy, #1)",Robert Jackson Bennett,"Bennett, Robert Jackson",,"=""""","=""""",3,4.21,Crown,Kindle Edition,501,2018,2018,2020/11/19,2020/10/22,,,read,,,,1,,,0,,,,,
45037760,"Curse Of The Daemon Beast (Bulletproof Witch, #2)",Francis James Blair,"Blair, Francis James",,"=""""","=""""",0,4.13,Lily & Rose Publishing LLC,Kindle Edition,339,2019,,,2020/11/14,to-read,to-read (#213),to-read,,,,0,,,0,,,,,
49798827,Dark One,Brandon Sanderson,"Sanderson, Brandon","Jackson Lanzing, Collin Kelly, Nathan C. Gooden, Kurt Michael Russell","=""""","=""9781939424761""",0,3.70,Vault Comics,Hardcover,224,2021,2021,,2020/10/28,to-read,to-read (#212),to-read,,,,0,,,0,,,,,
23106013,"Battle Ground (The Dresden Files, #17)",Jim Butcher,"Butcher, Jim",,"=""0593199308""","=""9780593199305""",5,4.40,Ace,Hardcover,418,2020,2020,2020/10/20,2020/07/18,,,read,,,,1,,,0,,,,,
28257707,The Subtle Art of Not Giving a F*ck: A Counterintuitive Approach to Living a Good Life,Mark Manson,"Manson, Mark",,"=""""","=""""",3,3.92,Harper,ebook,224,2016,2016,2020/09/19,2020/09/09,,,read,,,,1,,,0,,,,,
30966931,"The Terran Privateer (Duchy of Terra, #1)",Glynn Stewart,"Stewart, Glynn",,"=""""","=""""",3,4.28,Faolan's Pen Publishing Inc.,Kindle Edition,509,2016,2016,2020/10/06,2017/05/30,,,read,,,,1,,,0,,,,,
54897345,"The Service of Mars (Starship's Mage,  #9)",Glynn Stewart,"Stewart, Glynn",,"=""""","=""""",5,4.46,,Kindle Edition,319,2020,2020,2020/09/19,2020/09/09,,,read,,,,1,,,0,,,,,
49089453,"False Alarm: How Climate Change Panic Costs Us Trillions, Hurts the Poor, and Fails to Fix the Planet",Bjørn Lomborg,"Lomborg, Bjørn",,"=""1541647467""","=""9781541647466""",4,4.22,Basic Books,Hardcover,320,2020,2020,2020/09/07,2020/09/09,,,read,,,,1,,,0,,,,,
44767458,"Dune (Dune, #1)",Frank Herbert,"Herbert, Frank",,"=""059309932X""","=""9780593099322""",3,4.25,Ace Books,Hardcover,658,2019,1965,2020/08/24,2020/08/04,,,read,,,,1,,,0,,,,,
35621572,"Rise of Gods (The Paternus Trilogy, #1)",Dyrk Ashton,"Ashton, Dyrk",,"=""""","=""""",0,4.01,Paternus Books Media,Kindle Edition,504,2017,2016,,2020/08/04,to-read,to-read (#211),to-read,,,,0,,,0,,,,,
32440502,"Junkyard Druid (Colin McCool, #1)",M.D. Massey,"Massey, M.D.",,"=""""","=""""",2,3.89,Modern Digital Publishing,Kindle Edition,324,2016,2016,2020/08/04,2020/07/22,,,read,,,,1,,,0,,,,,
49183690,"Ink & Sigil (Ink & Sigil, #1)",Kevin Hearne,"Hearne, Kevin",,"=""1984821253""","=""9781984821256""",0,4.16,Del Rey Books,Hardcover,336,2020,2020,,2020/07/29,to-read,to-read (#210),to-read,,,,0,,,0,,,,,
22249640,"Peace Talks (The Dresden Files, #16)",Jim Butcher,"Butcher, Jim",,"=""035651529X""","=""9780356515298""",4,4.21,Orbit,Paperback,352,2020,2020,2020/07/21,2016/11/18,,,read,,,,1,,,0,,,,,
1137215,"Boneshaker (The Clockwork Century, #1)",Cherie Priest,"Priest, Cherie",,"=""0765318415""","=""9780765318411""",0,3.52,Tor Books,Paperback,416,2009,2009,,2020/07/18,to-read,to-read (#209),to-read,,,,0,,,0,,,,,
101942,"The Tripods Trilogy (The Tripods, #1-3)",John Christopher,"Christopher, John",,"=""0020425716""","=""9780020425717""",0,4.19,Collier Books,Paperback,224,1988,1967,,2020/07/18,to-read,to-read (#208),to-read,,,,0,,,0,,,,,
437790,"Flesh and Spirit (Lighthouse, #1)",Carol Berg,"Berg, Carol",,"=""045146088X""","=""9780451460882""",0,3.88,Roc,Paperback,408,2007,2007,,2020/07/18,to-read,to-read (#207),to-read,,,,0,,,0,,,,,
15839976,"Red Rising (Red Rising Saga, #1)",Pierce Brown,"Brown, Pierce",,"=""0345539788""","=""9780345539786""",0,4.25,Del Rey,Hardcover,382,2014,2014,,2020/07/18,to-read,to-read (#206),to-read,,,,0,,,0,,,,,
11217124,Dancing With Eternity,John Patrick Lowrie,"Lowrie, John Patrick",,"=""1603818103""","=""9781603818100""",0,3.96,Camel Press,Paperback,416,2011,2011,,2020/07/18,to-read,to-read (#205),to-read,,,,0,,,0,,,,,
833710,"The Merchant of Death (Pendragon, #1)",D.J. MacHale,"MacHale, D.J.",,"=""0743437314""","=""9780743437318""",0,3.96,Aladdin Paperbacks,Paperback,375,2002,2002,,2020/07/18,to-read,to-read (#204),to-read,,,,0,,,0,,,,,
33153548,Opening Fire (The Old Guard #1),Greg Rucka,"Rucka, Greg",Leandro Fernández,"=""""","=""""",3,3.99,Image Comics,Kindle Edition,169,2017,2017,2020/07/12,2020/07/11,,,read,,,,1,,,0,,,,,
31138556,Homo Deus: A History of Tomorrow,Yuval Noah Harari,"Harari, Yuval Noah",,"=""""","=""""",3,4.22,Harper,Kindle Edition,450,2017,2015,2020/07/12,2019/10/11,,,read,,,,1,,,0,,,,,
33151824,Hereticus (Eisenhorn #3),Dan Abnett,"Abnett, Dan",,"=""""","=""""",0,4.27,Black Library,Kindle Edition,416,2015,2002,,2020/05/14,to-read,to-read (#203),to-read,,,,0,,,0,,,,,
1009259,Xenos (Eisenhorn #1),Dan Abnett,"Abnett, Dan",,"=""0743411692""","=""9780743411691""",3,4.17,Games Workshop(uk),Paperback,320,2004,2001,,2020/07/12,,,read,,,,1,,,0,,,,,
29963977,"White Sand, Volume 1 (White Sand, #1)",Brandon Sanderson,"Sanderson, Brandon","Rik Hoskin, Julius Gopez","=""""","=""""",0,3.63,Dynamite,Kindle Edition,160,2016,2016,2020/07/12,2016/06/02,,,read,,,,1,,,0,,,,,
16131932,The Emperor's Soul,Brandon Sanderson,"Sanderson, Brandon",,"=""""","=""""",5,4.35,Dragonsteel Entertainment,Kindle Edition,144,2012,2012,2020/06/23,2017/02/23,,,read,,,,1,,,0,,,,,
19389520,Lift,Brandon Sanderson,"Sanderson, Brandon",,"=""""","=""""",0,4.56,tor.com,ebook,35,2013,2013,,2016/02/25,to-read,to-read (#202),to-read,,,,0,,,0,,,,,
68427,"Elantris (Elantris, #1)",Brandon Sanderson,"Sanderson, Brandon",,"=""0765350378""","=""9780765350374""",5,4.18,Tor Fantasy,Mass Market Paperback,622,2006,2005,2020/06/11,2016/02/25,,,read,,,,1,,,0,,,,,
49079279,"Seasons of War (Skulduggery Pleasant, #13)",Derek Landy,"Landy, Derek",,"=""""","=""""",0,4.49,HarperCollinsChildren’sBooks,Kindle Edition,592,2020,2020,2020/06/11,2020/04/09,,,read,,,,1,,,0,,,,,
52050732,"Mountain of Mars (Starship's Mage, #8)",Glynn Stewart,"Stewart, Glynn",,"=""""","=""""",3,4.49,Faolan's Pen Publishing,Kindle Edition,352,2020,2020,2020/05/06,2020/04/21,,,read,,,,1,,,0,,,,,
22878967,"The Shadow of What Was Lost (The Licanius Trilogy, #1)",James Islington,"Islington, James",,"=""099258020X""","=""9780992580209""",3,4.14,Aslaradis Publishing,Paperback,602,2014,2014,2020/04/09,2014/12/15,,,read,,,,1,,,0,,,,,
52178540,"Blood Tally (Valkyrie Collections, #2)",Brian  McClellan,"McClellan, Brian",,"=""""","=""1230003699799""",0,4.25,Brian McClellan,ebook,164,2020,2020,,2020/02/02,to-read,to-read (#199),to-read,,,,0,,,0,,,,,
13539191,"Three Parts Dead (Craft Sequence, #1)",Max Gladstone,"Gladstone, Max",,"=""0765333104""","=""9780765333100""",0,3.97,Tor Books,Hardcover,336,2012,2012,,2020/03/05,to-read,to-read (#201),to-read,,,,0,,,0,,,,,
6295541,"Child of Fire (Twenty Palaces, #1)",Harry Connolly,"Connolly, Harry",,"=""0345508890""","=""9780345508898""",0,3.73,Del Rey,Mass Market Paperback,343,2009,2009,,2020/03/05,to-read,to-read (#200),to-read,,,,0,,,0,,,,,
51847076,"Blood of Empire (Gods of Blood and Powder, #3)",Brian  McClellan,"McClellan, Brian",,"=""""","=""""",5,4.42,Orbit,Kindle Edition,673,2019,2019,2019/12/21,2018/10/03,,,read,,,,1,,,0,,,,,
38089205,"Stay of Execution (ONSET, #4)",Glynn Stewart,"Stewart, Glynn",,"=""""","=""""",4,4.42,Faolan's Pen Publishing Inc.,Kindle Edition,337,2018,2018,2019/12/27,2018/02/02,,,read,,,,1,,,0,,,,,
42769202,"Starsight (Skyward, #2)",Brandon Sanderson,"Sanderson, Brandon",,"=""1473217903""","=""9781473217904""",5,4.41,Orion Publishing Co,Paperback,461,2019,2019,,2019/12/09,,,read,,,,1,,,0,,,,,
35832660,"Blood of the Innocent (ONSET, #3)",Glynn Stewart,"Stewart, Glynn",,"=""""","=""""",4,4.32,Faolan's Pen Publishing Inc,Kindle Edition,322,2017,2017,2019/10/20,2019/10/20,,,read,,,,1,,,0,,,,,
33176217,"To Serve and Protect (ONSET, #1)",Glynn Stewart,"Stewart, Glynn",,"=""""","=""""",5,4.25,Faolan's Pen Publishing Inc.,Kindle Edition,366,2016,2019,2019/10/19,2017/05/30,,,read,,,,1,,,0,,,,,
33543870,"My Enemy's Enemy (ONSET, #2)",Glynn Stewart,"Stewart, Glynn",,"=""""","=""""",5,4.29,Faolan's Pen Publishing Inc.,Kindle Edition,302,2016,2016,2019/10/19,2019/10/18,,,read,,,,1,,,0,,,,,
44453462,On The Use Of Shape-Shifters In Warfare,Marko Kloos,"Kloos, Marko",,"=""""","=""""",4,4.33,Frostbite Publishing,Kindle Edition,16,2019,,,2019/07/19,,,read,,,,1,,,0,,,,,
36485213,21 Lessons for the 21st Century,Yuval Noah Harari,"Harari, Yuval Noah",,"=""""","=""""",3,4.17,Vintage Digital,Kindle Edition,320,2018,2018,2019/10/11,2019/08/04,,,read,,,,1,,,0,,,,,
40189843,Hero Forged (Ethereal Earth #1),Josh Erikson,"Erikson, Josh",,"=""""","=""""",0,4.08,Josh Erikson,Kindle Edition,346,2018,2018,,2019/08/21,to-read,to-read (#198),to-read,,,,0,,,0,,,,,
46005598,"Sword of Mars (Starship's Mage, #7)",Glynn Stewart,"Stewart, Glynn",,"=""""","=""""",0,4.47,Faolan's Pen Publishing,Kindle Edition,370,2019,2019,2019/07/11,2019/06/25,,,read,,,,1,,,0,,,,,
34730465,War Cry,Brian  McClellan,"McClellan, Brian",,"=""""","=""""",3,3.73,Tor.com,Kindle Edition,112,2018,2018,2019/06/25,2018/10/23,,,read,,,,1,,,0,,,,,
43390795,"Bedlam (Skulduggery Pleasant, #12)",Derek Landy,"Landy, Derek",,"=""""","=""""",4,4.40,HarperCollinsChildren’sBooks,Kindle Edition,,2019,2019,2019/06/22,2019/06/10,,,read,,,,1,,,0,,,,,
17987501,"The Forbidden Library (The Forbidden Library, #1)",Django Wexler,"Wexler, Django",Alexander Jansson,"=""0803739753""","=""9780803739758""",0,3.83,Kathy Dawson Books,Hardcover,376,2014,2014,,2019/06/12,to-read,to-read (#197),to-read,,,,0,,,0,,,,,
34618380,"Ship of Smoke and Steel (The Wells of Sorcery, #1)",Django Wexler,"Wexler, Django",,"=""""","=""""",0,3.87,Tor Teen,Kindle Edition,352,2019,2019,,2019/06/12,to-read,to-read (#196),to-read,,,,0,,,0,,,,,
43716670,"Uncanny Collateral (Valkyrie Collections, #1)",Brian  McClellan,"McClellan, Brian",,"=""""","=""""",4,4.07,,Kindle Edition,151,2019,2019,2019/06/06,2019/02/17,,,read,,,,1,,,0,,,,,
33985598,"Green-Eyed Vipers (Powder Mage, #0.6)",Brian  McClellan,"McClellan, Brian",,"=""""","=""""",0,3.94,,ebook,15,2015,2015,,2019/03/30,to-read,to-read (#195),to-read,,,,0,,,0,,,,,
37635562,"Skyward (Skyward, #1)",Brandon Sanderson,"Sanderson, Brandon",,"=""""","=""""",5,4.50,Gollancz,Kindle Edition,546,2018,2018,2019/03/21,2018/06/02,,,read,,,,1,,,0,,,,,
37640636,"Lies of the Beholder (Legion, #3)",Brandon Sanderson,"Sanderson, Brandon",,"=""159606885X""","=""9781596068858""",4,4.13,Subterranean Press,Hardcover,148,2018,2018,2019/03/07,2018/06/27,,,read,,,,1,,,0,,,,,
40117350,"Wolves (Hell Divers, #4)",Nicholas Sansbury Smith,"Smith, Nicholas Sansbury",,"=""""","=""""",4,4.22,Blackstone Publishing,Kindle Edition,336,2018,2018,2019/03/03,2019/01/26,,,read,,,,1,,,0,,,,,
42578105,"The Delivery of Flesh (Bulletproof Witch, #1)",Francis James Blair,"Blair, Francis James",,"=""""","=""""",3,3.80,Lily & Rose Publishing LLC,Kindle Edition,102,2019,2019,,2019/02/10,,,read,,,,1,,,0,,,,,
43192240,"UnArcana Stars (Starship's Mage, #6)",Glynn Stewart,"Stewart, Glynn",,"=""""","=""""",4,4.44,Faolan's Pen Publishing,Kindle Edition,369,2018,2018,2019/02/18,2019/01/22,,,read,,,,1,,,0,,,,,
24156733,"Extinction Horizon (Extinction Cycle, #1)",Nicholas Sansbury Smith,"Smith, Nicholas Sansbury",,"=""""","=""""",0,3.97,Orbit,Kindle Edition,351,2014,2014,,2019/02/17,to-read,to-read (#194),to-read,,,,0,,,0,,,,,
41211815,Aftershocks (The Palladium Wars #1),Marko Kloos,"Kloos, Marko",,"=""""","=""""",0,4.10,47North,Kindle Edition,286,2019,2019,,2019/02/17,to-read,to-read (#193),to-read,,,,0,,,0,,,,,
35480139,"Deliverance (Hell Divers, #3)",Nicholas Sansbury Smith,"Smith, Nicholas Sansbury",,"=""""","=""""",4,4.25,Blackstone Publishing,Kindle Edition,352,2018,2018,2018/12/21,2018/12/09,,,read,,,,1,,,0,,,,,
25181955,"Spellslinger (Spellslinger, #1)",Sebastien de Castell,"Castell, Sebastien de",,"=""1785761315""","=""9781785761317""",0,4.03,Hot Key Books,Hardcover,416,2017,2017,,2018/12/21,to-read,to-read (#192),to-read,,,,0,,,0,,,,,
287861,"Mortal Engines (The Hungry City Chronicles, #1)",Philip Reeve,"Reeve, Philip",,"=""0060082097""","=""9780060082093""",0,3.77,Harper Collins US UK,Paperback,326,2004,2001,,2018/12/12,to-read,to-read (#191),to-read,,,,0,,,0,,,,,
31434700,"Ghosts (Hell Divers, #2)",Nicholas Sansbury Smith,"Smith, Nicholas Sansbury",,"=""""","=""""",5,4.22,Blackstone Publishing,Kindle Edition,288,2017,2017,2018/12/09,2018/11/29,,,read,,,,1,,,0,,,,,
35710156,"Go Nitro: Rise of the Blades (Go Nitro, #1)",Jeremy N. Dooley,"Dooley, Jeremy N.",,"=""1548969087""","=""9781548969080""",0,3.63,CreateSpace Independent Publishing Platform,Paperback,342,2017,,,2018/12/04,to-read,to-read (#190),to-read,,,,0,,,0,,,,,
28464896,Hell Divers (Hell Divers #1),Nicholas Sansbury Smith,"Smith, Nicholas Sansbury",,"=""1504713958""","=""9781504713955""",3,3.86,Blackstone Audiobooks,Audiobook,431,2016,2016,2018/11/28,2018/10/29,,,read,,,,1,,,0,,,,,
35519109,"Exit Strategy (The Murderbot Diaries, #4)",Martha Wells,"Wells, Martha",,"=""""","=""""",0,4.38,Tor.com,Kindle Edition,176,2018,2018,,2018/11/27,to-read,to-read (#189),to-read,,,,0,,,0,,,,,
38464992,Big Damn Hero (Firefly #1),James Lovegrove,"Lovegrove, James",Nancy Holder,"=""1785658263""","=""9781785658266""",0,3.79,Titan Books,Hardcover,334,2018,2018,,2018/10/29,to-read,to-read (#188),to-read,,,,0,,,0,,,,,
28811018,"Wrath of Empire (Gods of Blood and Powder, #2)",Brian  McClellan,"McClellan, Brian",,"=""0356509311""","=""9780356509310""",5,4.51,Orbit,Paperback,639,2018,2018,2018/10/28,2018/10/03,,,read,,,,1,,,0,,,,,
28169061,You Die When You Die (West of West #1),Angus Watson,"Watson, Angus",,"=""""","=""""",0,3.96,Orbit,Kindle Edition,512,2017,2017,,2018/10/28,to-read,to-read (#187),to-read,,,,0,,,0,,,,,
156784,Permutation City (Subjective Cosmology #2),Greg Egan,"Egan, Greg",,"=""006105481X""","=""9780061054815""",0,4.08,HarperPrism,Paperback,352,1995,1994,,2018/10/22,to-read,to-read (#186),to-read,,,,0,,,0,,,,,
28811016,"Sins of Empire (Gods of Blood and Powder, #1)",Brian  McClellan,"McClellan, Brian",,"=""0316407216""","=""9780316407212""",5,4.40,Orbit,Hardcover,624,2017,2017,2018/10/12,2016/02/21,,,read,,,,1,,,0,,,,,
36047195,"The Mad Lancers (Gods of Blood and Powder, #0.1)",Brian  McClellan,"McClellan, Brian",,"=""""","=""""",0,4.30,,Kindle Edition,85,2017,2017,,2018/10/03,to-read,to-read (#185),to-read,,,,0,,,0,,,,,
25972196,"The Empire of Ashes (The Draconis Memoria, #3)",Anthony Ryan,"Ryan, Anthony",,"=""0356506444""","=""9780356506449""",0,4.17,Orbit,Hardcover,560,2018,2018,,2018/09/26,to-read,to-read (#184),to-read,,,,0,,,0,,,,,
36454667,"Empire of Silence (Sun Eater, #1)",Christopher Ruocchio,"Ruocchio, Christopher",,"=""""","=""""",0,4.02,DAW,Kindle Edition,753,2018,2018,,2018/09/26,to-read,to-read (#183),to-read,,,,0,,,0,,,,,
28335696,"Persepolis Rising (The Expanse, #7)",James S.A. Corey,"Corey, James S.A.",,"=""0316332828""","=""9780316332828""",3,4.36,Orbit Books,ebook,608,2017,2017,2018/09/26,2017/11/29,,,read,,,,1,,,0,,,,,
7022317,Shadow Prowler (Chronicles of Siala #1),Alexey Pehov,"Pehov, Alexey","Алексей Пехов, Andrew Bloomfield","=""1847375634""","=""9781847375636""",0,3.97,Simon & Schuster,Paperback,396,2010,2002,,2018/07/31,to-read,to-read (#182),to-read,,,,0,,,0,,,,,
1051620,"The Innocent Mage (Kingmaker, Kingbreaker, #1)",Karen Miller,"Miller, Karen",,"=""1841496049""","=""9781841496047""",0,3.66,Orbit,Mass Market Paperback,642,2007,2005,,2018/07/31,to-read,to-read (#181),to-read,,,,0,,,0,,,,,
27003,"The Eyre Affair (Thursday Next, #1)",Jasper Fforde,"Fforde, Jasper",,"=""0142001805""","=""9780142001806""",0,3.88,Penguin Books,Paperback,374,2003,2001,,2018/07/26,to-read,to-read (#180),to-read,,,,0,,,0,,,,,
365,"Dirk Gently's Holistic Detective Agency (Dirk Gently, #1)",Douglas Adams,"Adams, Douglas",,"=""""","=""""",0,3.96,Pocket Books,Mass Market Paperback,306,2002,1987,,2018/07/24,to-read,to-read (#179),to-read,,,,0,,,0,,,,,
35391324,Points of Impact (Frontlines #6),Marko Kloos,"Kloos, Marko",,"=""""","=""""",3,4.19,47North,Kindle Edition,297,2018,2018,2018/06/24,2018/02/11,,,read,,,,1,,,0,,,,,
37541828,"Midnight (Skulduggery Pleasant, #11)",Derek Landy,"Landy, Derek",,"=""""","=""9780008284602""",5,4.29,HarperCollins Children’s Books,ebook,432,2018,2018,2018/06/14,2018/04/15,,,read,,,,1,,,0,,,,,
34531764,"Scorched Shadows (Hellequin Chronicles, #7)",Steve McHugh,"McHugh, Steve",,"=""""","=""""",3,4.42,47 North,Kindle Edition,484,2017,2017,2018/06/04,2018/04/08,,,read,,,,1,,,0,,,,,
36103742,"Heart of Vengeance (Vigilante, #1)",Glynn Stewart,"Stewart, Glynn",Terry Mixon,"=""""","=""""",0,4.24,Faolan's Pen Publishing Inc.,Kindle Edition,290,2017,2017,,2018/06/04,to-read,to-read (#178),to-read,,,,0,,,0,,,,,
32065020,A Glimmer of Hope (The Avalon Chronicles #1),Steve McHugh,"McHugh, Steve",,"=""""","=""""",0,3.91,47North,Kindle Edition,332,2018,2018,,2018/04/16,to-read,to-read (#177),to-read,,,,0,,,0,,,,,
34002132,"Oathbringer (The Stormlight Archive, #3)",Brandon Sanderson,"Sanderson, Brandon",,"=""076532637X""","=""9780765326379""",5,4.60,Tor Books,Hardcover,1248,2017,2017,2018/04/16,2017/12/22,,,read,,,,2,,,0,,,,,
35437058,"Master Assassins (The Fire Sacraments, #1)",Robert V.S. Redick,"Redick, Robert V.S.",,"=""""","=""""",0,4.08,Talos,Kindle Edition,504,2018,2018,,2018/03/20,to-read,to-read (#176),to-read,,,,0,,,0,,,,,
34928122,Artemis,Andy Weir,"Weir, Andy",,"=""0553448129""","=""9780553448122""",0,3.68,Crown,Hardcover,305,2017,2017,,2018/02/10,to-read,to-read (#175),to-read,,,,0,,,0,,,,,
40445,"Altered Carbon (Takeshi Kovacs, #1)",Richard K. Morgan,"Morgan, Richard K.",,"=""0345457692""","=""9780345457691""",0,4.04,Del Rey / Ballantine Books,Mass Market Paperback,526,2006,2002,,2018/02/09,to-read,to-read (#174),to-read,,,,0,,,0,,,,,
6043781,"Blood of Elves (The Witcher, #1)",Andrzej Sapkowski,"Sapkowski, Andrzej",Danusia Stok,"=""031602919X""","=""9780316029193""",0,4.10,Hachette Book Group,Mass Market Paperback,398,2009,1994,,2018/01/08,to-read,to-read (#173),to-read,,,,0,,,0,,,,,
36416689,"Interstellar Mage (Starship's Mage: Red Falcon, #1)",Glynn Stewart,"Stewart, Glynn",,"=""""","=""""",3,4.32,Faolan's Pen Publishing Inc.,Kindle Edition,366,2017,2017,2017/12/22,2017/11/19,,,read,,,,1,,,0,,,,,
31804249,"Obsidian Son (The Temple Chronicles, #1)",Shayne Silvers,"Silvers, Shayne",,"=""""","=""""",0,4.06,Argento Publishing,Kindle Edition,302,2016,2012,,2017/12/20,to-read,to-read (#172),to-read,,,,0,,,0,,,,,
30329711,The Black Shriving (Chronicles of the Black Gate #2),Phil Tucker,"Tucker, Phil",,"=""""","=""""",3,4.20,,Kindle Edition,462,2016,,2017/11/17,2017/09/28,,,read,,,,1,,,0,,,,,
23524779,Guns of the Dawn,Adrian Tchaikovsky,"Tchaikovsky, Adrian",,"=""1447272676""","=""9780230770034""",0,4.15,Tor UK/Panmacmillan,Paperback,658,2015,2015,,2017/11/03,to-read,to-read (#171),to-read,,,,0,,,0,,,,,
17888374,Gemini Cell (Reawakening Trilogy #1),Myke Cole,"Cole, Myke",,"=""0425269647""","=""9780425269640""",0,3.64,Ace,Mass Market Paperback,402,2015,2015,,2017/11/03,to-read,to-read (#170),to-read,,,,0,,,0,,,,,
25342750,"Survival Quest (The Way of the Shaman, #1)",Vasily Mahanenko,"Mahanenko, Vasily","Василий Маханенко, Natalia Nikitin","=""""","=""""",0,4.20,Magic Dome Books,Kindle Edition,270,2015,2012,,2017/10/29,to-read,to-read (#169),to-read,,,,0,,,0,,,,,
22500562,"Fimbulwinter (Daniel Black, #1)",E. William Brown,"Brown, E. William",,"=""""","=""""",0,4.10,,Kindle Edition,239,2014,2014,,2017/10/29,to-read,to-read (#168),to-read,,,,0,,,0,,,,,
28385685,Free the Darkness (King's Dark Tidings #1),Kel Kade,"Kade, Kel",,"=""""","=""""",0,4.24,Kel Kade,Kindle Edition,483,2015,2015,,2017/10/29,to-read,to-read (#167),to-read,,,,0,,,0,,,,,
28182262,"Child of the Daystar (The Wings of War, #1)",Bryce O'Connor,"O'Connor, Bryce",,"=""""","=""""",0,4.13,"Wraithmarked Creative, LLC",Kindle Edition,282,2015,2015,,2017/10/29,to-read,to-read (#166),to-read,,,,0,,,0,,,,,
18122,"The Amber Spyglass (His Dark Materials, #3)",Philip Pullman,"Pullman, Philip",,"=""0440238153""","=""9780440238157""",3,4.09,Laurel Leaf,Mass Market Paperback,465,2003,2000,,2017/09/29,,,read,,,,1,,,0,,,,,
119324,"The Subtle Knife (His Dark Materials, #2)",Philip Pullman,"Pullman, Philip",,"=""0679879250""","=""9780679879251""",3,4.14,Alfred A. Knopf Books for Young Readers,Hardcover,326,1997,1997,,2017/09/29,,,read,,,,1,,,0,,,,,
32283133,"Origin (Robert Langdon, #5)",Dan Brown,"Brown, Dan",,"=""0385514239""","=""9780385514231""",0,3.88,Doubleday,Hardcover,456,2017,2017,,2017/09/29,to-read,to-read (#165),to-read,,,,0,,,0,,,,,
29936142,The Path of Flames (Chronicles of the Black Gate #1),Phil Tucker,"Tucker, Phil",,"=""""","=""""",3,4.02,,Kindle Edition,461,2016,2016,2017/09/24,2017/08/18,,,read,,,,1,,,0,,,,,
29940794,"Blood Honor (The Day After Never, #1)",Russell Blake,"Blake, Russell",,"=""""","=""""",0,4.02,Reprobatio Ltd.,Kindle Edition,228,2016,2016,,2017/09/18,to-read,to-read (#164),to-read,,,,0,,,0,,,,,
17554595,"Senlin Ascends (The Books of Babel, #1)",Josiah Bancroft,"Bancroft, Josiah",,"=""1482590956""","=""9781482590951""",0,4.15,CreateSpace Independent Publishing Platform,Paperback,361,2013,2013,,2017/09/18,to-read,to-read (#163),to-read,,,,0,,,0,,,,,
7165300,"The Black Prism (Lightbringer, #1)",Brent Weeks,"Weeks, Brent",,"=""0316075558""","=""9780316075558""",0,4.22,Orbit,Hardcover,629,2010,2010,,2017/09/12,to-read,to-read (#162),to-read,,,,0,,,0,,,,,
35506021,"All These Worlds (Bobiverse, #3)",Dennis E. Taylor,"Taylor, Dennis E.",,"=""""","=""""",4,4.41,Worldbuilders Press,Kindle Edition,260,2017,2017,2017/09/03,2017/03/08,,,read,,,,1,,,0,,,,,
33395557,"For We Are Many (Bobiverse, #2)",Dennis E. Taylor,"Taylor, Dennis E.",Ray Porter,"=""""","=""""",4,4.37,Audible Studios,Paperback,320,2017,2017,2017/09/01,2017/03/08,,,read,,,,1,,,0,,,,,
16119044,"The Maleficent Seven (Skulduggery Pleasant, #7.5)",Derek Landy,"Landy, Derek",,"=""0007512392""","=""9780007512393""",4,4.34,HarperCollinsChildren'sBooks,ebook,288,2013,2013,2017/08/27,2017/08/05,,,read,,,,1,,,0,,,,,
29564630,"American Monsters (Demon Road, #3)",Derek Landy,"Landy, Derek",,"=""0008157103""","=""9780008157104""",3,4.13,HarperCollinsChildren'sBooks,Hardcover,364,2016,2016,2017/08/18,2017/08/14,,,read,,,,1,,,0,,,,,
26791238,"Desolation (Demon Road, #2)",Derek Landy,"Landy, Derek",,"=""0008156980""","=""9780008156985""",3,3.98,Harper Collins,Hardcover,460,2016,2016,2017/08/13,2017/08/11,,,read,,,,1,,,0,,,,,
23253921,"Demon Road (Demon Road, #1)",Derek Landy,"Landy, Derek",,"=""""","=""""",3,4.01,HarperCollins Children's Books,Hardcover,507,2015,2015,2017/08/10,2017/08/06,,,read,,,,1,,,0,,,,,
18809484,"Armageddon Outta Here (Skulduggery Pleasant, #8.5)",Derek Landy,"Landy, Derek",,"=""000756211X""","=""9780007562114""",4,4.40,HarperCollinsChildren'sBooks,Paperback,480,2014,2014,2017/08/06,2017/07/31,,,read,,,,1,,,0,,,,,
33617257,"Resurrection (Skulduggery Pleasant, #10)",Derek Landy,"Landy, Derek",,"=""""","=""""",4,4.34,Harper Collins Children's Books,Kindle Edition,433,2017,2017,2017/07/30,2017/07/29,,,read,,,,1,,,0,,,,,
18131799,"The Dying of the Light (Skulduggery Pleasant, #9)",Derek Landy,"Landy, Derek",,"=""0007489250""","=""9780007489251""",5,4.61,HarperCollinsChildren'sBooks,Hardcover,605,2014,2014,2017/07/24,2017/07/19,,,read,,,,1,,,0,,,,,
16123975,"Last Stand of Dead Men (Skulduggery Pleasant, #8)",Derek Landy,"Landy, Derek",,"=""000748920X""","=""9780007489206""",4,4.59,HarperCollinsChildren'sBooks,Hardcover,604,2013,2013,2017/07/19,2017/07/17,,,read,,,,1,,,0,,,,,
13541180,"Kingdom of the Wicked (Skulduggery Pleasant, #7)",Derek Landy,"Landy, Derek",,"=""""","=""""",5,4.49,HarperCollinsChildren'sBooks,Kindle Edition,609,2012,2012,2017/07/16,2017/07/13,,,read,,,,1,,,0,,,,,
10221341,"Death Bringer (Skulduggery Pleasant, #6)",Derek Landy,"Landy, Derek",,"=""0007426194""","=""9780007426195""",3,4.48,HarperCollins Children's,Audio CD,609,2011,2011,2017/07/13,2017/07/08,,,read,,,,1,,,0,,,,,
8113344,"Mortal Coil (Skulduggery Pleasant, #5)",Derek Landy,"Landy, Derek",,"=""0007325983""","=""9780007325986""",4,4.46,HarperCollins Children's Books,Hardcover,604,2010,2010,2017/07/07,2017/06/30,,,read,,,,1,,,0,,,,,
18138189,"Tower Lord (Raven's Shadow, #2)",Anthony Ryan,"Ryan, Anthony",,"=""0425265625""","=""9780425265628""",4,4.17,Ace Hardcover,Hardcover,602,2014,2014,2014/07/30,2014/07/16,,,read,,,,1,,,0,,,,,
26862220,Slab City Blues: The Collected Stories (Slab City Blues #1-5),Anthony Ryan,"Ryan, Anthony",,"=""""","=""""",0,4.28,,Kindle Edition,434,2015,2015,,2017/07/06,to-read,to-read (#161),to-read,,,,0,,,0,,,,,
7261549,"Dark Days (Skulduggery Pleasant, #4)",Derek Landy,"Landy, Derek",,"=""0007325940""","=""9780007325948""",3,4.43,Harper Collins Children's,Hardcover,415,2010,2010,2017/06/30,2017/06/21,,,read,,,,1,,,0,,,,,
32714413,"Besieged (The Iron Druid Chronicles #4.1-4.2, 4.4, 4.6, 8.1-8.2, 8.5-8.6, 8.9)",Kevin Hearne,"Hearne, Kevin",,"=""0399181733""","=""9780399181733""",0,4.22,Del Rey,Hardcover,235,2017,2017,,2017/06/28,to-read,to-read (#160),to-read,,,,0,,,0,,,,,
32610569,The Legion of Flame (The Draconis Memoria #2),Anthony Ryan,"Ryan, Anthony",,"=""""","=""""",0,4.15,Orbit,Kindle Edition,576,2017,2017,,2017/06/28,to-read,to-read (#159),to-read,,,,0,,,0,,,,,
4893390,"The Faceless Ones (Skulduggery Pleasant, #3)",Derek Landy,"Landy, Derek",,"=""0007302142""","=""9780007302147""",3,4.40,HarperCollins Children's Books,Hardcover,395,2009,2008,2017/06/16,2017/06/11,,,read,,,,1,,,0,,,,,
2157243,"Playing with Fire (Skulduggery Pleasant, #2)",Derek Landy,"Landy, Derek",,"=""0061240885""","=""9780061240881""",3,4.30,HarperCollins,Hardcover,389,2008,2008,2017/06/11,2017/06/05,,,read,,,,1,,,0,,,,,
284440,"Skulduggery Pleasant (Skulduggery Pleasant, #1)",Derek Landy,"Landy, Derek",Tom Percival,"=""0061231150""","=""9780061231155""",4,4.16,HarperCollins,Hardcover,392,2007,2007,2017/06/04,2017/05/26,,,read,,,,1,,,0,,,,,
25367735,City in the Sky,Glynn Stewart,"Stewart, Glynn",,"=""""","=""""",0,4.24,Faolan's Pen Publishing Inc.,Kindle Edition,298,2015,2015,,2017/05/30,to-read,to-read (#158),to-read,,,,0,,,0,,,,,
34538192,"Judgment of Mars (Starship's Mage, #5)",Glynn Stewart,"Stewart, Glynn",,"=""""","=""""",4,4.35,Faolan's Pen Publishing Inc.,Kindle Edition,270,2017,2017,2017/05/30,2017/05/02,,,read,,,,1,,,0,,,,,
32056417,"Alien Arcana (Starship's Mage, #4)",Glynn Stewart,"Stewart, Glynn",,"=""""","=""""",4,4.33,Faolan's Pen Publishing Inc.,Kindle Edition,313,2016,2016,2017/05/27,2017/05/02,,,read,,,,1,,,0,,,,,
29420590,"Voice of Mars (Starship's Mage, #3)",Glynn Stewart,"Stewart, Glynn",,"=""""","=""""",4,4.31,Faolan's Pen Publishing Inc,Kindle Edition,310,2016,2016,2017/05/26,2017/05/21,,,read,,,,1,,,0,,,,,
26816562,"Hand of Mars (Starship's Mage, #2)",Glynn Stewart,"Stewart, Glynn",,"=""""","=""""",4,4.29,Faolan''s Pen Publishing Inc.,Kindle Edition,279,2015,2015,2017/05/09,2017/05/02,,,read,,,,1,,,0,,,,,
34703445,"Edgedancer (The Stormlight Archive, #2.5)",Brandon Sanderson,"Sanderson, Brandon",,"=""1250166543""","=""9781250166548""",0,4.26,Tor Books,Hardcover,272,2017,2017,,2017/05/21,to-read,to-read (#157),to-read,,,,0,,,0,,,,,
30688013,"Assassin's Fate (The Fitz and the Fool, #3)",Robin Hobb,"Hobb, Robin",,"=""0553392956""","=""9780553392951""",5,4.64,Del Rey,Hardcover,847,2017,2017,2017/05/21,2017/05/14,,,read,,,,1,,,0,,,,,
34605782,"The Rogue Prince (Sky Full of Stars, #1)",Lindsay Buroker,"Buroker, Lindsay",,"=""""","=""""",0,4.19,Lindsay Buroker,Kindle Edition,375,2017,2017,,2017/05/02,to-read,to-read (#156),to-read,,,,0,,,0,,,,,
32507304,The Wolf of the North (Wolf of the North #1),Duncan M. Hamilton,"Hamilton, Duncan M.",,"=""""","=""""",0,4.12,,Kindle Edition,326,2016,2016,,2017/05/02,to-read,to-read (#155),to-read,,,,0,,,0,,,,,
34757519,"The Last War (The Last War, #1)",Peter Bostrom,"Bostrom, Peter",,"=""""","=""""",0,3.96,Hyperspace Press,Kindle Edition,358,2017,,,2017/05/02,to-read,to-read (#154),to-read,,,,0,,,0,,,,,
34809441,Bunker: Born to Fight (Bunker #1),Jay J. Falconer,"Falconer, Jay J.",,"=""""","=""""",0,3.93,,Kindle Edition,251,2017,,,2017/05/02,to-read,to-read (#153),to-read,,,,0,,,0,,,,,
27419654,"The Last Girl (The Dominion Trilogy, #1)",Joe Hart,"Hart, Joe",,"=""""","=""""",0,3.79,Thomas & Mercer,Kindle Edition,386,2016,2016,,2017/05/02,to-read,to-read (#152),to-read,,,,0,,,0,,,,,
34829165,Eye of the Tiger (Star Justice #1),Michael-Scott Earle,"Earle, Michael-Scott",,"=""""","=""""",0,4.04,,Kindle Edition,441,2017,2017,,2017/05/02,to-read,to-read (#151),to-read,,,,0,,,0,,,,,
25830594,"The Ember War (The Ember War Saga, #1)",Richard Fox,"Fox, Richard",,"=""""","=""""",0,3.94,Triplane Press,Kindle Edition,236,2015,2015,,2017/05/02,to-read,to-read (#150),to-read,,,,0,,,0,,,,,
34776204,We Are The Wolf (Wolf Pack Book 1),Toby Neighbors,"Neighbors, Toby",,"=""""","=""""",0,4.20,"Mythic Adventure Publishing, LLC",Kindle Edition,366,2017,,,2017/05/02,to-read,to-read (#149),to-read,,,,0,,,0,,,,,
34740470,Iron Dragoons (Terran Armor Corps #1),Richard Fox,"Fox, Richard",,"=""""","=""""",0,4.20,Triplane Press,Kindle Edition,376,2017,,,2017/05/02,to-read,to-read (#148),to-read,,,,0,,,0,,,,,
25729359,"Space Carrier Avalon (Castle Federation, #1)",Glynn Stewart,"Stewart, Glynn",,"=""""","=""""",0,4.15,Faolan's Pen Publishing Inc.,Kindle Edition,343,2015,2015,,2017/04/28,to-read,to-read (#147),to-read,,,,0,,,0,,,,,
23848809,"Starship's Mage: Omnibus (Starship's Mage, #1)",Glynn Stewart,"Stewart, Glynn",,"=""""","=""""",5,4.21,Faolan's Pen Publishing Inc.,Kindle Edition,299,2014,2014,2017/04/28,2017/04/22,,,read,,,,1,,,0,,,,,
15784263,Dead Things (Eric Carter #1),Stephen Blackmoore,"Blackmoore, Stephen",,"=""0756407745""","=""9780756407742""",0,3.80,DAW,Mass Market Paperback,295,2013,2013,,2017/04/25,to-read,to-read (#146),to-read,,,,0,,,0,,,,,
30736665,"The Black Book (Billy Varney, #1)",James Patterson,"Patterson, James",David Ellis,"=""1780895313""","=""9781780895314""",0,4.27,Century,Hardcover,418,2017,2017,,2017/04/22,to-read,to-read (#145),to-read,,,,0,,,0,,,,,
33025240,"A Plague of Giants (Seven Kennings, #1)",Kevin Hearne,"Hearne, Kevin",,"=""""","=""9780345548610""",0,4.06,Del Rey Books,ebook,624,2017,2017,,2017/04/22,to-read,to-read (#144),to-read,,,,0,,,0,,,,,
34403860,"Sufficiently Advanced Magic (Arcane Ascension, #1)",Andrew Rowe,"Rowe, Andrew",,"=""""","=""""",0,4.15,,Kindle Edition,621,2017,2017,,2017/04/04,to-read,to-read (#143),to-read,,,,0,,,0,,,,,
32109569,"We Are Legion (We Are Bob) (Bobiverse, #1)",Dennis E. Taylor,"Taylor, Dennis E.",,"=""""","=""""",4,4.28,Worldbuilders Press,Kindle Edition,383,2016,2016,2017/03/27,2017/02/28,,,read,,,,1,,,0,,,,,
31396262,Change Agent,Daniel Suarez,"Suarez, Daniel",,"=""110198466X""","=""9781101984666""",0,3.97,Dutton Books,Hardcover,416,2017,2017,,2017/03/30,to-read,to-read (#142),to-read,,,,0,,,0,,,,,
29612579,"The World Walker (The World Walker, #1)",Ian W. Sainsbury,"Sainsbury, Ian W.",,"=""""","=""""",0,4.05,,Kindle Edition,419,2016,2016,,2017/03/19,to-read,to-read (#139),to-read,,,,0,,,0,,,,,
23559647,"The Vagrant (The Vagrant, #1)",Peter  Newman,"Newman, Peter",,"=""0007593082""","=""9780007593088""",0,3.66,HarperVoyager,Paperback,400,2015,2015,,2017/03/19,to-read,to-read (#141),to-read,,,,0,,,0,,,,,
30078567,"The Collapsing Empire (The Interdependency, #1)",John Scalzi,"Scalzi, John",,"=""0765388898""","=""9780765388896""",0,4.11,Tor Books,ebook,336,2017,2017,,2017/03/19,to-read,to-read (#140),to-read,,,,0,,,0,,,,,
1455439,Nightside the Long Sun (The Book of the Long Sun #1),Gene Wolfe,"Wolfe, Gene",,"=""0812516257""","=""9780812516258""",0,4.04,Tor Books,Paperback,333,1993,1993,,2017/03/15,to-read,to-read (#138),to-read,,,,0,,,0,,,,,
34101303,Ghosts of Tomorrow,Michael R. Fletcher,"Fletcher, Michael R.",,"=""""","=""""",0,4.19,Michael R. Fletcher,Kindle Edition,394,2017,2017,,2017/03/12,to-read,to-read (#137),to-read,,,,0,,,0,,,,,
30243858,"Fields of Fire (Frontlines, #5)",Marko Kloos,"Kloos, Marko",,"=""""","=""""",4,4.33,47North,Kindle Edition,280,2017,2017,2017/03/07,2017/02/06,,,read,,,,1,,,0,,,,,
23397921,Sixth of the Dusk,Brandon Sanderson,"Sanderson, Brandon",,"=""""","=""""",3,4.24,"Dragonsteel Entertainment, LLC",Kindle Edition,59,2014,2014,2017/02/25,2014/10/31,,,read,,,,1,,,0,,,,,
31176804,Snapshot,Brandon Sanderson,"Sanderson, Brandon",,"=""""","=""9780998559902""",4,4.07,Vault Books,Leather Bound,123,2017,2017,2017/02/23,2017/02/21,,,read,,,,1,,,0,,,,,
12796771,"Awakening (Infinity Blade, #1)",Brandon Sanderson,"Sanderson, Brandon",,"=""""","=""""",0,3.87,ChAIR Entertainment Group,Kindle Edition,128,2011,2011,,2017/02/23,to-read,to-read (#136),to-read,,,,0,,,0,,,,,
8562526,Firstborn,Brandon Sanderson,"Sanderson, Brandon",,"=""""","=""""",0,3.97,Tor Books,Kindle Edition,48,2010,2008,,2017/02/21,to-read,to-read (#135),to-read,,,,0,,,0,,,,,
7683254,"Monster Hunter Vendetta (Monster Hunter International, #2)",Larry Correia,"Correia, Larry",,"=""1439133913""","=""9781439133910""",3,4.25,Baen,Mass Market Paperback,612,2010,2010,2017/02/20,2017/02/18,,,read,,,,1,,,0,,,,,
91981,"The Dragonbone Chair (Memory, Sorrow, and Thorn, #1)",Tad Williams,"Williams, Tad",,"=""0756402697""","=""9780756402693""",0,3.95,DAW,Paperback,672,2005,1988,,2017/02/18,to-read,to-read (#134),to-read,,,,0,,,0,,,,,
2570856,"Monster Hunter International (Monster Hunter International, #1)",Larry Correia,"Correia, Larry",,"=""0741444569""","=""9780741444561""",3,4.05,Infinity Publishing,Paperback,557,2009,2009,2017/02/13,2017/01/14,,,read,,,,1,,,0,,,,,
25877663,"Babylon's Ashes (The Expanse, #6)",James S.A. Corey,"Corey, James S.A.",,"=""0356504263""","=""9780356504261""",3,4.23,Orbit,Hardcover,538,2016,2016,2017/02/01,2016/05/01,,,read,,,,1,,,0,,,,,
944076,"Last Argument of Kings (The First Law, #3)",Joe Abercrombie,"Abercrombie, Joe",,"=""0575077905""","=""9780575077904""",4,4.30,Gollancz,Trade Paperback,536,2008,2008,2017/01/15,2016/12/27,,,read,,,,1,,,0,,,,,
2315892,Best Served Cold,Joe Abercrombie,"Abercrombie, Joe",,"=""0575082453""","=""9780575082458""",0,4.19,Gollancz,Hardcover,534,2009,2009,,2016/12/27,to-read,to-read (#133),to-read,,,,0,,,0,,,,,
902715,"Before They Are Hanged (The First Law, #2)",Joe Abercrombie,"Abercrombie, Joe",,"=""0575077883""","=""9780575077881""",4,4.31,Gollancz,Trade Paperback,441,2007,2007,2016/12/27,2014/09/04,,,read,,,,1,,,0,,,,,
23848192,The Shards of Heaven (The Shards of Heaven #1),Michael Livingston,"Livingston, Michael",,"=""0765380315""","=""9780765380319""",0,3.56,Tor Books,Hardcover,416,2015,2015,,2016/12/24,to-read,to-read (#132),to-read,,,,0,,,0,,,,,
944073,"The Blade Itself (The First Law, #1)",Joe Abercrombie,"Abercrombie, Joe",,"=""0575079797""","=""9780575079793""",4,4.18,Gollancz,Paperback,515,2007,2006,2016/12/15,2014/07/13,,,read,,,,1,,,0,,,,,
30229083,Promise of Wrath,Steve McHugh,"McHugh, Steve",,"=""1503940063""","=""9781503940062""",2,4.45,47North,Paperback,547,2016,2016,,2016/10/26,,,read,,,,1,,,0,,,,,
28603698,"Promise of Wrath (Hellequin Chronicles, #6)",Steve McHugh,"McHugh, Steve",,"=""""","=""""",2,4.45,47North,Kindle Edition,,2016,2016,2016/12/01,2016/11/27,,,read,,,,1,,,0,,,,,
23157777,"Fool's Quest  (The Fitz and The Fool, #2)",Robin Hobb,"Hobb, Robin",,"=""0553392921""","=""9780553392920""",4,4.52,Del Rey,Hardcover,768,2015,2015,2016/11/27,2016/11/18,,,read,,,,1,,,0,,,,,
23437156,"Six of Crows (Six of Crows, #1)",Leigh Bardugo,"Bardugo, Leigh",,"=""1627792120""","=""9781627792127""",0,4.49,Henry Holt & Company,Hardcover,465,2015,2015,,2016/11/24,to-read,to-read (#131),to-read,,,,0,,,0,,,,,
26863057,"Age of Myth (The Legends of the First Empire, #1)",Michael J. Sullivan,"Sullivan, Michael J.",,"=""1101965339""","=""9781101965337""",0,4.23,Del Rey,Hardcover,432,2016,2016,,2016/11/19,to-read,to-read (#130),to-read,,,,0,,,0,,,,,
19288321,"Fool's Assassin (The Fitz and the Fool, #1)",Robin Hobb,"Hobb, Robin",,"=""0553392425""","=""9780553392425""",5,4.39,Del Rey,Hardcover,688,2014,2014,2016/11/17,2015/01/01,,,read,,,,1,,,0,,,,,
45108,"Fool's Fate (Tawny Man, #3)",Robin Hobb,"Hobb, Robin",,"=""0553582461""","=""9780553582468""",5,4.44,Spectra,Paperback,914,2004,2003,2016/11/13,2016/11/09,,,read,,,,1,,,0,,,,,
45109,"Golden Fool (Tawny Man, #2)",Robin Hobb,"Hobb, Robin",,"=""0553582453""","=""9780553582451""",5,4.33,Spectra,Mass Market Paperback,709,2003,2002,2016/11/07,2016/10/30,,,read,,,,1,,,0,,,,,
29384742,"The Apocalypse Guard (Apocalypse Guard, #1)",Brandon Sanderson,"Sanderson, Brandon",,"=""""","=""""",0,3.36,Delacorte,,,,,,2016/11/06,to-read,to-read (#129),to-read,,,,0,,,0,,,,,
26068046,"The Summer Dragon (The Evertide, #1)",Todd Lockwood,"Lockwood, Todd",,"=""0756408334""","=""9780756408336""",0,4.06,DAW,Hardcover,496,2016,2016,,2016/11/06,to-read,to-read (#128),to-read,,,,0,,,0,,,,,
68488,"Fool's Errand (Tawny Man, #1)",Robin Hobb,"Hobb, Robin",,"=""""","=""""",4,4.32,Voyager,Mass Market Paperback,661,2002,2001,2016/10/30,2014/02/18,,,read,,,,1,,,0,,,,,
29868610,Scrappy Little Nobody,Anna Kendrick,"Kendrick, Anna",,"=""1501117203""","=""9781501117206""",0,3.86,Gallery Books,Hardcover,275,2016,2016,,2016/10/30,to-read,to-read (#127),to-read,,,,0,,,0,,,,,
45110,"Shaman's Crossing (Soldier Son, #1)",Robin Hobb,"Hobb, Robin",,"=""0060758287""","=""9780060758288""",0,3.48,Harper Voyager,Mass Market Paperback,591,2006,2005,,2016/10/30,to-read,to-read (#126),to-read,,,,0,,,0,,,,,
4407,"American Gods (American Gods, #1)",Neil Gaiman,"Gaiman, Neil",,"=""""","=""""",3,4.11,Headline Review,Paperback,635,2005,2001,2016/01/01,2014/09/04,,,read,,,,1,,,0,,,,,
45102,"Ship of Destiny (Liveship Traders, #3)",Robin Hobb,"Hobb, Robin",,"=""0553575651""","=""9780553575651""",3,4.23,Spectra Books,Paperback,789,2001,2000,2016/10/21,2016/10/06,,,read,,,,1,,,0,,,,,
45101,"The Mad Ship (Liveship Traders, #2)",Robin Hobb,"Hobb, Robin",,"=""0006498868""","=""9780006498865""",3,4.24,Harper Voyager,Mass Market Paperback,906,2008,1999,,2016/10/06,,,read,,,,1,,,0,,,,,
45100,"Ship of Magic (Liveship Traders, #1)",Robin Hobb,"Hobb, Robin",,"=""000649885X""","=""9780006498858""",3,4.16,Voyager,Mass Market Paperback,880,1999,1998,2016/10/04,2016/08/07,,,read,,,,1,,,0,,,,,
45112,"Assassin's Quest (Farseer Trilogy, #3)",Robin Hobb,"Hobb, Robin",,"=""0553565699""","=""9780553565690""",4,4.18,Spectra,Mass Market Paperback,757,1998,1997,2016/09/04,2016/08/21,,,read,,,,1,,,0,,,,,
337132,Flashforward,Robert J. Sawyer,"Sawyer, Robert J.",,"=""0812580346""","=""9780812580341""",0,3.64,Tor Books,Paperback,320,2000,1999,,2016/08/25,to-read,to-read (#125),to-read,,,,0,,,0,,,,,
6352142,"Royal Assassin (Farseer Trilogy, #2)",Robin Hobb,"Hobb, Robin",,"=""""","=""""",4,4.24,Spectra,Kindle Edition,675,2002,1996,2016/08/21,2016/08/07,,,read,,,,1,,,0,,,,,
4703450,"The Dragon Keeper (Rain Wild Chronicles, #1)",Robin Hobb,"Hobb, Robin",,"=""0007273746""","=""9780007273744""",0,3.94,Voyager,Hardcover,553,2009,2009,,2016/08/07,to-read,to-read (#124),to-read,,,,0,,,0,,,,,
45107,"Assassin's Apprentice (Farseer Trilogy, #1)",Robin Hobb,"Hobb, Robin",,"=""0006480098""","=""9780006480099""",4,4.16,Voyager,Mass Market Paperback,460,1996,1995,2016/08/07,2014/02/18,,,read,,,,1,,,0,,,,,
30165203,"American Gods (American Gods, #1)",Neil Gaiman,"Gaiman, Neil",,"=""""","=""""",3,4.11,William Morrow,Kindle Edition,635,2011,2001,2016/07/07,2016/07/07,,,read,,,,1,,,0,,,,,
16847978,The Martian,Andy Weir,"Weir, Andy",,"=""""","=""""",5,4.40,,Kindle Edition,342,2012,2011,2015/10/08,2014/08/01,,,read,,,,1,,,0,,,,,
22886612,"Nemesis Games (The Expanse, #5)",James S.A. Corey,"Corey, James S.A.",,"=""""","=""""",4,4.42,Orbit,Kindle Edition,536,2015,2015,2016/06/29,2016/05/01,,,read,,,,1,,,0,,,,,
25972177,"The Waking Fire (The Draconis Memoria, #1)",Anthony Ryan,"Ryan, Anthony",,"=""0356506398""","=""9780356506395""",0,4.06,Orbit,Hardcover,592,2016,2016,,2016/06/23,to-read,to-read (#123),to-read,,,,0,,,0,,,,,
8935689,"Consider Phlebas (Culture, #1)",Iain M. Banks,"Banks, Iain M.",,"=""1857231384""","=""9781857231380""",0,3.86,Orbit,Paperback,471,1988,1987,,2016/06/15,to-read,to-read (#122),to-read,,,,0,,,0,,,,,
89187,"Revelation Space (Revelation Space, #1)",Alastair Reynolds,"Reynolds, Alastair",,"=""0441009425""","=""9780441009428""",0,3.99,Ace Books,Mass Market Paperback,585,2002,2000,,2016/06/15,to-read,to-read (#121),to-read,,,,0,,,0,,,,,
26771521,"Beacon 23 (Beacon 23, #1-5)",Hugh Howey,"Howey, Hugh",,"=""1516865871""","=""9781516865871""",0,3.91,Createspace,Paperback,254,2015,2015,,2016/06/15,to-read,to-read (#120),to-read,,,,0,,,0,,,,,
20662430,"Sand (Sand, #1-5)",Hugh Howey,"Howey, Hugh",,"=""009959515X""","=""9780099595151""",0,3.97,Arrow,Paperback,372,2014,2014,,2016/06/15,to-read,to-read (#119),to-read,,,,0,,,0,,,,,
22171697,"Fear the Sky (The Fear Saga, #1)",Stephen     Moss,"Moss, Stephen",,"=""""","=""""",0,4.08,Stephen Moss,Kindle Edition,394,2014,2014,,2016/06/15,to-read,to-read (#118),to-read,,,,0,,,0,,,,,
77566,"Hyperion (Hyperion Cantos, #1)",Dan Simmons,"Simmons, Dan",Gary Ruddell,"=""0553283685""","=""9780553283686""",0,4.24,Bantam Spectra,Mass Market Paperback,482,1990,1989,,2016/06/15,to-read,to-read (#117),to-read,,,,0,,,0,,,,,
325661,"West of Eden (West of Eden, #1)",Harry Harrison,"Harrison, Harry",Bill Sanderson,"=""0743487184""","=""9780743487184""",0,3.85,iBooks,Paperback,483,2004,1984,,2016/06/15,to-read,to-read (#116),to-read,,,,0,,,0,,,,,
147908,"Wild Cards (Wild Cards, #1)",George R.R. Martin,"Martin, George R.R.","Walter Jon Williams, Melinda M. Snodgrass, Lewis Shiner, Victor Milán, Stephen Leigh, John J.  Miller, Edward Bryant, Brian Bolland, Mike Zeck, Howard Waldrop, Roger Zelazny, Leanne C. Harper","=""1596872829""","=""9781596872820""",0,3.69,iBooks,Paperback,432,2007,1986,,2016/06/15,to-read,to-read (#115),to-read,,,,0,,,0,,,,,
18656030,"Cibola Burn (The Expanse, #4)",James S.A. Corey,"Corey, James S.A.",,"=""""","=""""",3,4.20,Orbit,Hardcover,581,2014,2014,2016/05/22,2016/05/01,,,read,,,,1,,,0,,,,,
25648897,"Chains of Command (Frontlines, #4)",Marko Kloos,"Kloos, Marko",,"=""""","=""""",4,4.27,47North,Kindle Edition,386,2016,2016,2016/05/07,2016/04/10,,,read,,,,1,,,0,,,,,
25733990,"Sleeping Giants (Themis Files, #1)",Sylvain Neuvel,"Neuvel, Sylvain",,"=""1101886692""","=""9781101886694""",0,3.83,Del Rey,Hardcover,320,2016,2016,,2016/05/02,to-read,to-read (#114),to-read,,,,0,,,0,,,,,
26170028,"The Vital Abyss (The Expanse, #5.5)",James S.A. Corey,"Corey, James S.A.",,"=""0316217565""","=""9780316217569""",0,3.89,Orbit,ebook,75,2015,2015,,2016/05/01,to-read,to-read (#113),to-read,,,,0,,,0,,,,,
16131032,"Abaddon's Gate (The Expanse, #3)",James S.A. Corey,"Corey, James S.A.",,"=""0316129070""","=""9780316129077""",4,4.25,Orbit,Paperback,539,2013,2013,2016/05/01,2016/04/10,,,read,,,,1,,,0,,,,,
15837317,"Gods of Risk (The Expanse, #2.5)",James S.A. Corey,"Corey, James S.A.",,"=""""","=""""",3,3.72,Orbit,Kindle Edition,68,2012,2012,2016/04/13,2016/04/10,,,read,,,,1,,,0,,,,,
17332218,"Words of Radiance (The Stormlight Archive, #2)",Brandon Sanderson,"Sanderson, Brandon",,"=""0765326361""","=""9780765326362""",5,4.75,Tor Books,Hardcover,1087,2014,2014,2016/04/09,2014/06/04,,,read,,,,1,,,0,,,,,
20886354,"Skin Deep (Legion, #2)",Brandon Sanderson,"Sanderson, Brandon",Jon Foster,"=""""","=""""",4,4.13,Subterranean Press ,Leather Bound,208,2014,2014,2016/03/06,2014/10/31,,,read,,,,1,,,0,,,,,
7235533,"The Way of Kings (The Stormlight Archive, #1)",Brandon Sanderson,"Sanderson, Brandon",,"=""0765326353""","=""9780765326355""",5,4.63,Tor Books,Hardcover,1007,2010,2010,2016/03/30,2014/01/07,,,read,,,,1,,,0,,,,,
28881,"Lamb: The Gospel According to Biff, Christ's Childhood Pal",Christopher Moore,"Moore, Christopher",,"=""0380813815""","=""9780380813810""",0,4.22,William Morrow / HarperCollins / Harper Perennial,Paperback,444,2004,2002,,2016/02/28,to-read,to-read (#112),to-read,,,,0,,,0,,,,,
13452375,"Legion (Legion, #1)",Brandon Sanderson,"Sanderson, Brandon",Deniz Evliyagil,"=""1596064854""","=""9781596064850""",4,4.14,Subterranean Press,Hardcover,88,2012,2012,,2014/12/01,,,read,,,,1,,,0,,,,,
21411388,Shadows for Silence in the Forests of Hell,Brandon Sanderson,"Sanderson, Brandon",,"=""""","=""""",0,4.20,Tor Books,,50,2013,2013,,2016/02/25,to-read,to-read (#111),to-read,,,,0,,,0,,,,,
25188109,Perfect State,Brandon Sanderson,"Sanderson, Brandon",,"=""""","=""""",0,4.06,Dragonsteel Entertainment,Kindle Edition,87,2015,2015,,2016/02/25,to-read,to-read (#110),to-read,,,,0,,,0,,,,,
623976,"Alcatraz Versus the Evil Librarians (Alcatraz, #1)",Brandon Sanderson,"Sanderson, Brandon",,"=""0439925509""","=""9780439925501""",0,3.90,Scholastic Press,Hardcover,308,2007,2007,,2016/02/25,to-read,to-read (#109),to-read,,,,0,,,0,,,,,
16280689,"Staked (The Iron Druid Chronicles, #8)",Kevin Hearne,"Hearne, Kevin",,"=""0345548515""","=""9780345548511""",3,4.24,Del Rey,Hardcover,310,2016,2016,,2014/06/04,,,read,,,,1,,,0,,,,,
22443261,"The Rithmatist (The Rithmatist, #1)",Brandon Sanderson,"Sanderson, Brandon",,"=""""","=""""",4,4.23,Tor UK,Kindle Edition,353,2014,2013,2016/02/25,2016/02/21,,,read,,,,1,,,0,,,,,
20518872,The Three-Body Problem (Remembrance of Earth’s Past #1),Liu Cixin,"Cixin, Liu",Ken Liu,"=""0765377063""","=""9780765377067""",0,4.07,Tor Books,Hardcover,399,2014,2006,,2016/02/22,to-read,to-read (#108),to-read,,,,0,,,0,,,,,
25451852,"Dawn of Wonder (The Wakening, #1)",Jonathan Renshaw,"Renshaw, Jonathan",,"=""""","=""""",0,4.34,Jonathan Renshaw,Kindle Edition,715,2015,2015,,2016/02/21,to-read,to-read (#107),to-read,,,,0,,,0,,,,,
15704486,"Calamity (Reckoners, #3)",Brandon Sanderson,"Sanderson, Brandon",,"=""0385743602""","=""9780385743600""",4,4.19,Delacorte Press,Hardcover,424,2016,2016,2016/02/21,2014/09/04,,,read,,,,1,,,0,,,,,
12111823,"The Winds of Winter (A Song of Ice and Fire, #6)",George R.R. Martin,"Martin, George R.R.",,"=""0002247410""","=""9780002247412""",0,4.40,Harper Voyager,Hardcover,,,,,2016/02/15,to-read,to-read (#106),to-read,,,,0,,,0,,,,,
29056083,"Harry Potter and the Cursed Child: Parts One and Two (Harry Potter, #8)",John Tiffany,"Tiffany, John","Jack Thorne, J.K. Rowling","=""0751565350""","=""9780751565355""",0,3.54,"Little, Brown",Hardcover,343,2016,2016,,2016/02/15,to-read,to-read (#105),to-read,,,,0,,,0,,,,,
18739426,"The Bands of Mourning (Mistborn, #6)",Brandon Sanderson,"Sanderson, Brandon",,"=""""","=""""",4,4.41,Tor,Kindle Edition,448,2016,2016,2016/02/15,2014/09/04,,,read,,,,1,,,0,,,,,
28698036,"Secret History (Mistborn, #3.5)",Brandon Sanderson,"Sanderson, Brandon",,"=""""","=""""",4,4.37,"Dragonsteel Entertainment, LLC",Kindle Edition,160,2016,2016,,2016/02/10,,,read,,,,1,,,0,,,,,
25337294,"Staked (The Iron Druid Chronicles, #8)",Kevin Hearne,"Hearne, Kevin",,"=""""","=""""",3,4.24,Del Rey,Kindle Edition,336,2016,2016,,2016/02/11,,,read,,,,1,,,0,,,,,
17970723,"Forged in Mist (Mistborn Chronicles, #2)",Janine Donoho,"Donoho, Janine",,"=""""","=""""",0,4.38,"Amazon Digital Services, Inc.",Kindle Edition,,2013,2013,,2016/02/10,to-read,to-read (#104),to-read,,,,0,,,0,,,,,
7193686,"A Devil in the Details (Jesse James Dawson, #1)",K.A. Stewart,"Stewart, K.A.",,"=""0451463439""","=""9780451463432""",0,3.72,Roc,Paperback,307,2010,2010,,2016/02/05,to-read,to-read (#103),to-read,,,,0,,,0,,,,,
28092009,"A Line in the Sand (Jesse James Dawson, #5)",K.A. Stewart,"Stewart, K.A.",,"=""""","=""9781311086761""",0,4.31,Smashwords Edition,ebook,,2016,2016,,2016/02/05,to-read,to-read (#102),to-read,,,,0,,,0,,,,,
12591698,"Caliban's War (The Expanse, #2)",James S.A. Corey,"Corey, James S.A.",,"=""1841499900""","=""9781841499901""",4,4.36,Orbit,Paperback,595,2012,2012,2016/01/20,2015/12/30,,,read,,,,1,,,0,,,,,
11961115,Imperium (Caulborn #1),Nicholas Olivo,"Olivo, Nicholas",,"=""""","=""""",0,3.64,,Kindle Edition,340,2011,2011,,2016/01/04,to-read,to-read (#101),to-read,,,,0,,,0,,,,,
8855321,"Leviathan Wakes (The Expanse, #1)",James S.A. Corey,"Corey, James S.A.",,"=""1841499889""","=""9781841499888""",4,4.27,Orbit,Paperback,561,2011,2011,2015/12/30,2014/09/04,,,read,,,,1,,,0,,,,,
55399,"Gardens of the Moon (Malazan Book of the Fallen, #1)",Steven Erikson,"Erikson, Steven",,"=""0765348780""","=""9780765348784""",0,3.90,Tor Books,Mass Market Paperback,657,2005,1999,,2014/07/16,to-read,to-read (#100),to-read,,,,0,,,0,,,,,
421007,Nightlife (Cal Leandros #1),Rob Thurman,"Thurman, Rob",,"=""0451460758""","=""9780451460752""",0,3.64,Penguin,Mass Market Paperback,339,2006,2006,,2015/12/06,to-read,to-read (#99),to-read,,,,0,,,0,,,,,
22046915,"Eden's Ore: Secrets (Eden's Ore, #1)",B.V. Bayly,"Bayly, B.V.",,"=""1927559456""","=""9781927559451""",0,3.81, Promontory Press; 1ST edition (2014),Paperback,302,2014,2014,,2015/11/27,to-read,to-read (#98),to-read,,,,0,,,0,,,,,
15575,"The Sword of Shannara (The Original Shannara Trilogy, #1)",Terry Brooks,"Brooks, Terry",,"=""1857231511""","=""9781857231519""",0,3.76,Orbit,Paperback,726,1999,1977,,2015/11/19,to-read,to-read (#97),to-read,,,,0,,,0,,,,,
19161852,"The Fifth Season (The Broken Earth, #1)",N.K. Jemisin,"Jemisin, N.K.",,"=""""","=""""",0,4.32,Orbit,Paperback,468,2015,2015,,2015/11/15,to-read,to-read (#96),to-read,,,,0,,,0,,,,,
24876258,"The Aeronaut's Windlass (The Cinder Spires, #1)",Jim Butcher,"Butcher, Jim",,"=""0451466802""","=""9780451466808""",4,4.18,Roc,Hardcover,630,2015,2015,2015/11/15,2015/09/06,,,read,,,,1,,,0,,,,,
64216,"Guards! Guards! (Discworld, #8; City Watch #1)",Terry Pratchett,"Pratchett, Terry",,"=""0061020648""","=""9780061020643""",3,4.31,HarperTorch,Mass Market Paperback,376,2001,1989,2015/11/12,2015/10/06,,,read,,,,1,,,0,,,,,
95431,"Gone to Texas (Preacher, #1)",Garth Ennis,"Ennis, Garth","Steve Dillon, Joe R. Lansdale","=""""","=""9781563892615""",0,4.16,Vertigo,Comics,336,1996,1995,,2015/11/04,to-read,to-read (#95),to-read,,,,0,,,0,,,,,
2915837,"A Kiss Before the Apocalypse (Remy Chandler, #1)",Thomas E. Sniegoski,"Sniegoski, Thomas E.",,"=""045146205X""","=""9780451462053""",0,3.59,Roc Trade,Mass Market Paperback,290,2008,2008,,2015/10/28,to-read,to-read (#94),to-read,,,,0,,,0,,,,,
1045145,"The Lion, the Witch and the Wardrobe (Chronicles of Narnia, #2)",C.S. Lewis,"Lewis, C.S.",Pauline Baynes,"=""0060234822""","=""9780060234829""",4,4.23,HarperCollins,Hardcover,189,2007,1950,,2014/09/04,,,read,,,,1,,,0,,,,,
116295,Guards! Guards!: The Play,Stephen Briggs,"Briggs, Stephen",Terry Pratchett,"=""0552144312""","=""9780552144315""",3,4.39,Corgi,Paperback,208,1997,1992,,2015/10/06,,,read,,,,1,,,0,,,,,
22838183,Firefall (Firefall #1-2),Peter Watts,"Watts, Peter",,"=""1784080462""","=""9781784080464""",0,3.86,Head of Zeus,Hardcover,720,2014,2014,,2015/10/18,to-read,to-read (#93),to-read,,,,0,,,0,,,,,
16065004,"Shadows of Self (Mistborn, #5)",Brandon Sanderson,"Sanderson, Brandon",,"=""0765378558""","=""9780765378552""",5,4.29,Tor Books,Hardcover,383,2015,2015,,2014/09/04,,,read,,,,1,,,0,,,,,
18007564,The Martian,Andy Weir,"Weir, Andy",,"=""0804139024""","=""9780804139021""",5,4.40,Crown,Hardcover,384,2014,2011,,2015/10/18,,,read,,,,1,,,0,,,,,
34497,"The Color of Magic (Discworld, #1; Rincewind, #1)",Terry Pratchett,"Pratchett, Terry",,"=""0060855924""","=""9780060855925""",0,3.99,Harper,Paperback,228,2005,1983,,2014/08/01,to-read,to-read (#92),to-read,,,,0,,,0,,,,,
25131180,Lies Ripped Open (Hellequin Chronicles #5),Steve McHugh,"McHugh, Steve",,"=""""","=""""",4,4.41,47North,Kindle Edition,530,2015,2015,2015/09/16,2015/08/30,,,read,,,,1,,,0,,,,,
18587862,"Prison of Hope  (Hellequin Chronicles, #4)",Steve McHugh,"McHugh, Steve",,"=""""","=""""",4,4.36,Hidden Realms Publishing ,ebook,,2015,2015,2015/09/14,2014/09/04,,,read,,,,1,,,0,,,,,
6585201,"Changes (The Dresden Files, #12)",Jim Butcher,"Butcher, Jim",,"=""045146317X""","=""9780451463173""",5,4.50,Roc,Hardcover,438,2010,2010,,2015/09/06,,,read,,,,1,,,0,,,,,
91476,"Grave Peril (The Dresden Files, #3)",Jim Butcher,"Butcher, Jim",,"=""0451458443""","=""9780451458445""",4,4.14,Roc,Paperback,378,2001,2001,,2015/09/06,,,read,,,,1,,,0,,,,,
20883847,"The Autumn Republic (Powder Mage, #3)",Brian  McClellan,"McClellan, Brian",,"=""0316219126""","=""9780316219129""",5,4.37,Orbit,Hardcover,580,2015,2015,2015/08/30,2014/10/31,,,read,,,,1,,,0,,,,,
25617099,"Final Empire (The Arena Mode Saga, #3)",Blake Northcott,"Northcott, Blake",,"=""""","=""""",3,3.91,Noösphere Publishing,Kindle Edition,376,2015,2015,2015/08/29,2015/08/25,,,read,,,,1,,,0,,,,,
21899783,"Assault or Attrition (The Arena Mode Saga, #2)",Blake Northcott,"Northcott, Blake",,"=""""","=""""",3,3.83,"Amazon Digital Services, Inc.",Kindle Edition,394,2014,2014,2015/08/16,2015/08/12,,,read,,,,1,,,0,,,,,
23835749,The Manticore Ascension (The Arena Mode Saga #1.5),Blake Northcott,"Northcott, Blake",,"=""""","=""""",0,3.89,Noösphere Publishing,Kindle Edition,74,2014,2014,,2015/08/13,to-read,to-read (#91),to-read,,,,0,,,0,,,,,
18134913,"Arena Mode (The Arena Mode Saga, #1)",Blake Northcott,"Northcott, Blake",,"=""""","=""""",3,3.73,Noösphere Publishing,ebook,310,2013,2013,2015/08/12,2015/08/03,,,read,,,,1,,,0,,,,,
24358527,"Angles of Attack (Frontlines, #3)",Marko Kloos,"Kloos, Marko",,"=""""","=""""",4,4.13,47North,Kindle Edition,352,2015,2015,2015/08/11,2015/04/05,,,read,,,,1,,,0,,,,,
13616278,"The Red Knight (The Traitor Son Cycle, #1)",Miles  Cameron,"Cameron, Miles",,"=""0575113294""","=""9780575113299""",3,4.11,Gollancz,Paperback,650,2012,2012,2015/08/03,2014/09/04,,,read,,,,1,,,0,,,,,
149267,The Stand,Stephen King,"King, Stephen",Bernie Wrightson,"=""0385199570""","=""9780385199575""",0,4.34,Doubleday Books,Hardcover,1152,1990,1978,,2015/07/17,to-read,to-read (#90),to-read,,,,0,,,0,,,,,
11557,Swan Song,Robert R. McCammon,"McCammon, Robert R.",,"=""0671741039""","=""9780671741037""",0,4.28,Pocket Books,Mass Market Paperback,956,1987,1987,,2015/07/17,to-read,to-read (#89),to-read,,,,0,,,0,,,,,
21048855,Fight Club 2 #1,Chuck Palahniuk,"Palahniuk, Chuck",,"=""""","=""""",0,3.68,Dark Horse,Paperback,34,2015,2015,,2015/05/03,to-read,to-read (#88),to-read,,,,0,,,0,,,,,
22599303,"The Mountains Rise (Embers of Illeniel, #1)",Michael G. Manning,"Manning, Michael G.",,"=""""","=""""",0,4.31,,Kindle Edition,530,2014,2014,,2015/04/19,to-read,to-read (#87),to-read,,,,0,,,0,,,,,
17707471,"The Grim Company (The Grim Company, #1)",Luke Scull,"Scull, Luke",,"=""042526484X""","=""9780425264843""",0,3.73,Roc,Hardcover,400,2013,2013,,2015/04/19,to-read,to-read (#86),to-read,,,,0,,,0,,,,,
18947303,"Traitor's Blade (Greatcoats, #1)",Sebastien de Castell,"Castell, Sebastien de",,"=""184866379X""","=""9781848663794""",0,4.05,Jo Fletcher Books,Hardcover,370,2014,2014,,2015/03/31,to-read,to-read (#85),to-read,,,,0,,,0,,,,,
11806282,"Dead Harvest (The Collector, #1)",Chris F. Holm,"Holm, Chris F.",,"=""""","=""""",0,3.59,Angry Robot,Kindle Edition,300,2012,2012,,2015/03/09,to-read,to-read (#84),to-read,,,,0,,,0,,,,,
7000922,Soul Hunter (Night Lords #1),Aaron Dembski-Bowden,"Dembski-Bowden, Aaron",,"=""1844168115""","=""9781844168118""",0,4.35,Games Workshop,Paperback,416,2010,2010,,2015/02/21,to-read,to-read (#83),to-read,,,,0,,,0,,,,,
18714917,ATLAS (Atlas #1),Isaac Hooke,"Hooke, Isaac",,"=""""","=""""",0,3.84,,ebook,,2013,2013,,2015/02/20,to-read,to-read (#82),to-read,,,,0,,,0,,,,,
23654163,"Return to Honor (Powder Mage, #1.5)",Brian  McClellan,"McClellan, Brian",,"=""""","=""""",0,3.90,Orbit,Kindle Edition,51,2015,2015,,2015/02/09,to-read,to-read (#81),to-read,,,,0,,,0,,,,,
17608111,"The Crimson Campaign (Powder Mage, #2)",Brian  McClellan,"McClellan, Brian",,"=""0356502023""","=""9780356502021""",5,4.36,Orbit,Hardcover,596,2014,2014,,2014/10/29,,,read,,,,1,,,0,,,,,
20653339,"The Face in the Window (Powder Mage, #0.7)",Brian  McClellan,"McClellan, Brian",,"=""""","=""""",4,4.03,Beneath Ceaseless Skies,Kindle Edition,50,2014,2014,,2014/10/29,,,read,,,,1,,,0,,,,,
18139131,"The Girl of Hrusch Avenue (Powder Mage, #0.5)",Brian  McClellan,"McClellan, Brian",,"=""""","=""""",3,3.96,,ebook,29,2013,2013,,2014/10/29,,,read,,,,1,,,0,,,,,
18569078,"Hope's End (Powder Mage, #0.4)",Brian  McClellan,"McClellan, Brian",,"=""""","=""""",4,3.97,Brian McClellan,Kindle Edition,30,2013,2013,,2014/10/29,,,read,,,,1,,,0,,,,,
22493195,"Servant of the Crown (Powder Mage, #0.2)",Brian  McClellan,"McClellan, Brian",,"=""""","=""""",5,4.26,,Kindle Edition,77,2014,2014,,2014/10/29,,,read,,,,1,,,0,,,,,
8680418,"Moon Over Soho (Peter Grant, #2)",Ben Aaronovitch,"Aaronovitch, Ben",,"=""0345524594""","=""9780345524591""",3,4.09,Random House Ballantine ,Paperback,289,2011,2011,2015/02/09,2015/01/26,,,read,,,,1,,,0,,,,,
8680417,"Midnight Riot (Peter Grant, #1)",Ben Aaronovitch,"Aaronovitch, Ben",,"=""""","=""""",3,3.87,Del Rey,Mass Market Paperback,298,2011,2011,,2013/08/20,,,read,,,,1,,,0,,,,,
15704459,"Firefight (The Reckoners, #2)",Brandon Sanderson,"Sanderson, Brandon",,"=""0385743580""","=""9780385743587""",5,4.26,Delacorte Press,Hardcover,416,2015,2015,2015/01/15,2014/07/16,,,read,,,,1,,,0,,,,,
18476102,"Lines of Departure (Frontlines, #2)",Marko Kloos,"Kloos, Marko",,"=""1477817409""","=""9781477817407""",4,4.14,47North,Paperback,315,2014,2014,2015/01/10,2014/09/04,,,read,,,,1,,,0,,,,,
18730784,"Measures of Absolution (Frontlines, #2.2)",Marko Kloos,"Kloos, Marko",,"=""""","=""""",0,3.90,Frostbite Publishing,Kindle Edition,63,2013,2013,,2015/01/08,to-read,to-read (#80),to-read,,,,0,,,0,,,,,
17880298,"Lucky Thirteen (Frontlines, #2.1)",Marko Kloos,"Kloos, Marko",,"=""""","=""""",0,4.11,Frostbite Publishing,ebook,14,2013,2013,,2015/01/08,to-read,to-read (#79),to-read,,,,0,,,0,,,,,
20174424,"City of Stairs (The Divine Cities, #1)",Robert Jackson Bennett,"Bennett, Robert Jackson",,"=""080413717X""","=""9780804137171""",0,4.07,Broadway Books,Paperback,452,2014,2014,,2015/01/07,to-read,to-read (#78),to-read,,,,0,,,0,,,,,
18079705,"The Flight of the Silvers (Silvers, #1)",Daniel Price,"Price, Daniel",,"=""0399164987""","=""9780399164989""",0,3.90,Blue Rider Press,Hardcover,608,2014,2014,,2015/01/06,to-read,to-read (#77),to-read,,,,0,,,0,,,,,
21535271,"The Slow Regard of Silent Things (The Kingkiller Chronicle, #2.5)",Patrick Rothfuss,"Rothfuss, Patrick",Nate  Taylor,"=""0756410436""","=""9780756410438""",0,3.89,DAW Books,Hardcover,159,2014,2014,,2014/12/29,to-read,to-read (#76),to-read,,,,0,,,0,,,,,
22823333,"The Eleventh Metal (Mistborn, #0.5)",Brandon Sanderson,"Sanderson, Brandon",,"=""""","=""""",0,3.84,Crafty Games,ebook,21,2012,2012,,2014/12/27,to-read,to-read (#75),to-read,,,,0,,,0,,,,,
23947089,"The Lost Metal (Mistborn, #7)",Brandon Sanderson,"Sanderson, Brandon",,"=""0765391198""","=""9780765391193""",0,4.34,Tor Books,Hardcover,464,2022,2022,,2014/12/27,to-read,to-read (#74),to-read,,,,0,,,0,,,,,
1215032,"The Wise Man's Fear (The Kingkiller Chronicle, #2)",Patrick Rothfuss,"Rothfuss, Patrick",,"=""0756404738""","=""9780756404734""",4,4.55,DAW Books,Hardcover,994,2011,2011,2014/12/26,2013/12/11,,,read,,,,1,,,0,,,,,
186074,"The Name of the Wind (The Kingkiller Chronicle, #1)",Patrick Rothfuss,"Rothfuss, Patrick",,"=""075640407X""","=""9780756404079""",4,4.52,Penguin Group DAW,Hardcover,662,2007,2007,2014/12/11,2013/12/11,,,read,,,,1,,,0,,,,,
18243345,"Nightblood (Warbreaker, #2)",Brandon Sanderson,"Sanderson, Brandon",,"=""""","=""""",0,4.25,Gollancz,Hardcover,,,,,2014/12/01,to-read,to-read (#73),to-read,,,,0,,,0,,,,,
17182126,"Steelheart (The Reckoners, #1)",Brandon Sanderson,"Sanderson, Brandon",,"=""0385743564""","=""9780385743563""",5,4.14,Delacorte Press,Hardcover,386,2013,2013,,2014/12/01,,,read,,,,1,,,0,,,,,
1268479,"Warbreaker (Warbreaker, #1)",Brandon Sanderson,"Sanderson, Brandon",,"=""""","=""""",4,4.28,Self-published,ebook,688,2009,2009,,2014/12/01,,,read,,,,1,,,0,,,,,
21032488,"The Doors of Stone (The Kingkiller Chronicle, #3)",Patrick Rothfuss,"Rothfuss, Patrick",,"=""0575081449""","=""9780575081444""",0,3.63,Gollancz,Hardcover,896,,,,2014/12/01,to-read,to-read (#72),to-read,,,,0,,,0,,,,,
23597688,"Murder at the Kinnen Hotel (Powder Mage, #0.3)",Brian  McClellan,"McClellan, Brian",,"=""""","=""""",0,4.16,,Kindle Edition,74,2014,2014,,2014/12/01,to-read,to-read (#71),to-read,,,,0,,,0,,,,,
20614529,"Forsworn (Powder Mage, #0.1)",Brian  McClellan,"McClellan, Brian",,"=""""","=""""",4,4.03,Brian McClellan,Kindle Edition,64,2014,2014,,2014/10/29,,,read,,,,1,,,0,,,,,
6255949,All You Need Is Kill,Hiroshi Sakurazaka,"Sakurazaka, Hiroshi",Alexander O. Smith,"=""1421527618""","=""9781421527611""",4,4.03,Haikasoru,Paperback,201,2009,2004,2014/10/30,2014/09/21,,,read,,,,1,,,0,,,,,
17910124,"The Emperor's Blades (Chronicle of the Unhewn Throne, #1)",Brian Staveley,"Staveley, Brian",,"=""0765336405""","=""9780765336408""",0,4.08,Tor Books,Hardcover,480,2014,2014,,2014/10/29,to-read,to-read (#70),to-read,,,,0,,,0,,,,,
15790883,"Promise of Blood (Powder Mage, #1)",Brian  McClellan,"McClellan, Brian",,"=""0316219037""","=""9780316219037""",4,4.12,Orbit,Hardcover,545,2013,2013,2014/10/24,2013/12/16,,,read,,,,1,,,0,,,,,
11737387,"Fated (Alex Verus, #1)",Benedict Jacka,"Jacka, Benedict",,"=""1937007294""","=""9781937007294""",0,3.89,Ace,Mass Market Paperback,295,2012,2012,,2014/10/03,to-read,to-read (#69),to-read,,,,0,,,0,,,,,
15763857,"The Ace of Skulls (Tales of the Ketty Jay, #4)",Chris Wooding,"Wooding, Chris",,"=""0575098112""","=""9780575098114""",5,4.42,Gollancz ,Paperback,492,2013,2013,2014/09/28,2014/09/04,,,read,,,,1,,,0,,,,,
20949240,Wild cards 3: Jokers salvajes,George R.R. Martin,"Martin, George R.R.",,"=""6077350761""","=""9786077350767""",0,3.91,Oceano,Paperback,464,2014,1987,,2014/09/04,to-read,to-read (#53),to-read,,,,0,,,0,,,,,
9931820,"The Iron Jackal (Tales of the Ketty Jay, #3)",Chris Wooding,"Wooding, Chris",,"=""0575098066""","=""9780575098060""",4,4.30,Gollancz,Hardcover,480,2011,2011,2014/09/09,2014/09/01,,,read,,,,1,,,0,,,,,
11125,Digital Fortress,Dan Brown,"Brown, Dan",,"=""""","=""""",3,3.68,Corgi books,Paperback,510,2004,1998,,2014/09/04,,,read,,,,1,,,0,,,,,
976,Deception Point,Dan Brown,"Brown, Dan",,"=""0671027387""","=""9780671027384""",3,3.73,Pocket Books,Mass Market Paperback,556,2002,2001,,2014/09/04,,,read,,,,1,,,0,,,,,
17212231,"Inferno (Robert Langdon, #4)",Dan Brown,"Brown, Dan",,"=""0385537859""","=""9780385537858""",4,3.87,Doubleday,Hardcover,463,2013,2013,,2014/09/04,,,read,,,,1,,,0,,,,,
6411961,"The Lost Symbol (Robert Langdon, #3)",Dan Brown,"Brown, Dan",,"=""0385504225""","=""9780385504225""",3,3.73,Doubleday,Hardcover,509,2009,2009,,2014/09/04,,,read,,,,1,,,0,,,,,
968,"The Da Vinci Code (Robert Langdon, #2)",Dan Brown,"Brown, Dan",,"=""""","=""""",4,3.88,Anchor,Paperback,489,2006,2003,,2012/12/01,,,read,,,,1,,,0,,,,,
960,"Angels & Demons (Robert Langdon, #1)",Dan Brown,"Brown, Dan",,"=""1416524797""","=""9781416524793""",3,3.92,Pocket Books,Mass Market Paperback,736,2006,2000,,2014/09/04,,,read,,,,1,,,0,,,,,
185748,"Kiss Me, Judas",Will Christopher Baer,"Baer, Will Christopher",,"=""1596921862""","=""9781596921863""",0,3.79,MacAdam/Cage Publishing,Paperback,316,2006,1998,,2014/09/04,to-read,to-read (#68),to-read,,,,0,,,0,,,,,
11607,The Running Man,Richard Bachman,"Bachman, Richard",Stephen King,"=""0451197968""","=""9780451197962""",3,3.89,Signet,Paperback,317,1999,1982,,2014/09/04,,,read,,,,1,,,0,,,,,
119322,"The Golden Compass (His Dark Materials, #1)",Philip Pullman,"Pullman, Philip",,"=""0679879242""","=""9780679879244""",3,4.00,Alfred A. Knopf Books for Young Readers,Hardcover,399,1996,1995,,2014/09/04,,,read,,,,1,,,0,,,,,
17619479,Terms of Enlistment,Marko Kloos,"Kloos, Marko",,"=""""","=""""",4,4.03,Frostbite Publishing,Kindle Edition,282,2013,2013,,2014/09/04,,,read,,,,1,,,0,,,,,
22283,Survivor,Chuck Palahniuk,"Palahniuk, Chuck",,"=""009928264X""","=""9780099282648""",3,3.92,Vintage,Paperback,289,2000,1999,,2013/01/08,,,read,,,,1,,,0,,,,,
14064,I Am Legend,Richard Matheson,"Matheson, Richard",,"=""1857988094""","=""9781857988093""",4,4.06,Millennium,Paperback,160,1999,1954,,2014/09/04,,,read,,,,1,,,0,,,,,
22550,"The Gunslinger (The Dark Tower, #1)",Stephen King,"King, Stephen",,"=""0670032549""","=""9780670032549""",3,3.94,Viking,Hardcover,231,2003,1982,,2014/09/04,,,read,,,,1,,,0,,,,,
47212,"Storm Front (The Dresden Files, #1)",Jim Butcher,"Butcher, Jim",,"=""0451457811""","=""9780451457813""",4,3.99,Penguin ROC,Mass Market Paperback,355,2000,2000,,2014/09/04,,,read,,,,1,,,0,,,,,
91477,"Fool Moon (The Dresden Files, #2)",Jim Butcher,"Butcher, Jim",,"=""0451458125""","=""9780451458124""",4,4.00,Roc,Mass Market Paperback,401,2001,2001,,2014/09/04,,,read,,,,1,,,0,,,,,
9014,The Long Walk,Richard Bachman,"Bachman, Richard",Stephen King,"=""0451196716""","=""9780451196712""",0,4.09,Signet,Mass Market Paperback,370,1999,1979,,2014/09/04,to-read,to-read (#67),to-read,,,,0,,,0,,,,,
67035,"Relic (Pendergast, #1)",Douglas Preston,"Preston, Douglas",Lincoln Child,"=""0765354942""","=""9780765354945""",0,4.04,Tor Books,Paperback,480,2005,1995,,2014/09/04,to-read,to-read (#66),to-read,,,,0,,,0,,,,,
12109463,"Wired (Wired, #1)",Douglas E. Richards,"Richards, Douglas E.",,"=""""","=""""",0,3.86,Paragon Press,Kindle Edition,340,2011,2005,,2014/09/04,to-read,to-read (#65),to-read,,,,0,,,0,,,,,
8100267,"Pathfinder (Pathfinder, #1)",Orson Scott Card,"Card, Orson Scott",,"=""141699176X""","=""9781416991762""",0,4.00,Margaret K. McElderry Books,Hardcover,657,2010,2010,,2014/09/04,to-read,to-read (#64),to-read,,,,0,,,0,,,,,
77711,"A Fire Upon the Deep (Zones of Thought, #1)",Vernor Vinge,"Vinge, Vernor",,"=""0812515285""","=""9780812515282""",0,4.13,Tor Science Fiction,Mass Market Paperback,613,1993,1992,,2014/09/04,to-read,to-read (#63),to-read,,,,0,,,0,,,,,
18966322,"Mitosis (The Reckoners, #1.5)",Brandon Sanderson,"Sanderson, Brandon",,"=""0449818438""","=""9780449818435""",4,3.86,Delacorte Press,ebook,55,2013,2013,,2014/09/04,,,read,,,,1,,,0,,,,,
7779059,"Side Jobs (The Dresden Files, #12.5)",Jim Butcher,"Butcher, Jim",,"=""045146365X""","=""9780451463654""",4,4.26,Roc,Hardcover,418,2010,2010,,2014/09/04,,,read,,,,1,,,0,,,,,
4699575,"Daemon (Daemon, #1)",Daniel Suarez,"Suarez, Daniel",,"=""0525951113""","=""9780525951117""",4,4.16,Dutton Books,Hardcover,432,2009,2006,,2014/09/04,,,read,,,,1,,,0,,,,,
7132363,"Freedom™ (Daemon, #2)",Daniel Suarez,"Suarez, Daniel",,"=""0525951571""","=""9780525951575""",4,4.27,Dutton Books,Hardcover,406,2010,2010,,2014/09/04,,,read,,,,1,,,0,,,,,
34,"The Fellowship of the Ring (The Lord of the Rings, #1)",J.R.R. Tolkien,"Tolkien, J.R.R.","Francis Ledoux, Maria Skibniewska","=""0618346252""","=""9780618346257""",3,4.37,Houghton Mifflin Harcourt,Paperback,398,2003,1954,,2014/09/04,,,read,,,,1,,,0,,,,,
28850,"The Return of the King (The Lord of the Rings, #3)",J.R.R. Tolkien,"Tolkien, J.R.R.",Rob Inglis,"=""0788789848""","=""9780788789847""",3,4.54,"Recorded Books, Inc.",Audio CD,,2001,1955,,2014/09/04,,,read,,,,1,,,0,,,,,
93124,"Harry Potter and the Half-Blood Prince (Harry Potter, #6)",J.K. Rowling,"Rowling, J.K.",,"=""0747581088""","=""9780747581086""",5,4.57,Bloomsbury Publishing,Hardcover,607,2005,2005,,2014/09/04,,,read,,,,1,,,0,,,,,
12216302,"Cold Days (The Dresden Files, #14)",Jim Butcher,"Butcher, Jim",,"=""0451464400""","=""9780451464408""",5,4.47,Penguin Group (USA),Hardcover,515,2012,2012,,2014/09/04,,,read,,,,1,,,0,,,,,
136251,"Harry Potter and the Deathly Hallows (Harry Potter, #7)",J.K. Rowling,"Rowling, J.K.",,"=""""","=""""",5,4.62,Arthur A. Levine Books,Hardcover,759,2007,2007,,2014/09/04,,,read,,,,1,,,0,,,,,
823,"Quicksilver (The Baroque Cycle, #1)",Neal Stephenson,"Stephenson, Neal",,"=""0060593083""","=""9780060593087""",0,3.90,HarperCollins Perennial,Paperback,927,2004,2003,,2014/09/04,to-read,to-read (#62),to-read,,,,0,,,0,,,,,
60212,The Knight (The Wizard Knight #1),Gene Wolfe,"Wolfe, Gene",,"=""0765347016""","=""9780765347015""",0,3.75,Tor Books,Paperback,544,2010,2004,,2014/09/04,to-read,to-read (#61),to-read,,,,0,,,0,,,,,
60211,"The Shadow of the Torturer (The Book of the New Sun, #1)",Gene Wolfe,"Wolfe, Gene",,"=""0671540661""","=""9780671540661""",0,3.81,Pocket Books,Paperback,262,1984,1980,,2014/09/04,to-read,to-read (#60),to-read,,,,0,,,0,,,,,
68429,"The Well of Ascension (Mistborn, #2)",Brandon Sanderson,"Sanderson, Brandon",,"=""0765316889""","=""9780765316882""",5,4.37,Tor Books,Hardcover,590,2007,2007,,2014/09/04,,,read,,,,1,,,0,,,,,
68428,"The Final Empire (Mistborn, #1)",Brandon Sanderson,"Sanderson, Brandon",,"=""""","=""9780765311788""",5,4.46,Tor Books,Hardcover,541,2006,2006,,2014/09/04,,,read,,,,1,,,0,,,,,
2767793,"The Hero of Ages (Mistborn, #3)",Brandon Sanderson,"Sanderson, Brandon",,"=""0765316897""","=""9780765316899""",5,4.50,Tor Books,Hardcover,572,2008,2008,,2014/09/04,,,read,,,,1,,,0,,,,,
10803121,"The Alloy of Law (Mistborn, #4)",Brandon Sanderson,"Sanderson, Brandon",,"=""0765330423""","=""9780765330420""",5,4.20,Tor Books,Hardcover,332,2011,2011,,2014/09/04,,,read,,,,1,,,0,,,,,
78129,"Killing Floor (Jack Reacher, #1)",Lee Child,"Child, Lee",,"=""0515141429""","=""9780515141429""",4,4.06,Jove,Mass Market Paperback,474,2006,1997,,2014/09/04,,,read,,,,1,,,0,,,,,
220969,"Die Trying (Jack Reacher, #2)",Lee Child,"Child, Lee",,"=""0515142247""","=""9780515142242""",4,4.05,Jove,Mass Market Paperback,552,2008,1998,,2014/09/04,,,read,,,,1,,,0,,,,,
11950840,"Kaibab Unbound  (The Iron Druid Chronicles , #0.6)",Kevin Hearne,"Hearne, Kevin",,"=""0730497992""","=""9780730497998""",3,4.02,Kevin Hearne,ebook,17,2011,2011,,2014/09/04,,,read,,,,1,,,0,,,,,
13145815,A Test of Mettle (The Iron Druid Chronicles #3.5),Kevin Hearne,"Hearne, Kevin",,"=""""","=""""",3,3.98,,ebook,10,2011,2011,,2014/09/04,,,read,,,,1,,,0,,,,,
10324651,"Clan Rathskeller (The Iron Druid Chronicles, #0.5)",Kevin Hearne,"Hearne, Kevin",,"=""""","=""""",3,3.94,,ebook,18,2010,2010,,2014/09/04,,,read,,,,1,,,0,,,,,
16280685,"The Grimoire of the Lamb (The Iron Druid Chronicles, #0.4)",Kevin Hearne,"Hearne, Kevin",,"=""0345548299""","=""9780345548290""",3,4.15,Del Rey,ebook,64,2013,2013,,2014/09/04,,,read,,,,1,,,0,,,,,
15728721,Two Ravens and One Crow (The Iron Druid Chronicles #4.3),Kevin Hearne,"Hearne, Kevin",,"=""0385366434""","=""9780385366434""",3,4.20,Del Rey,ebook,65,2012,2012,,2014/09/04,,,read,,,,1,,,0,,,,,
16071748,"Hunted (The Iron Druid Chronicles, #6)",Kevin Hearne,"Hearne, Kevin",,"=""0345533631""","=""9780345533630""",4,4.29,Del Rey,Mass Market Paperback,384,2013,2013,,2014/09/04,,,read,,,,1,,,0,,,,,
13536649,"Trapped (The Iron Druid Chronicles, #5)",Kevin Hearne,"Hearne, Kevin",,"=""034553364X""","=""9780345533647""",4,4.27,Del Rey,Mass Market Paperback,290,2012,2012,,2014/09/04,,,read,,,,1,,,0,,,,,
12700306,"Tricked (The Iron Druid Chronicles, #4)",Kevin Hearne,"Hearne, Kevin",,"=""0345533623""","=""9780345533623""",4,4.25,Random House Publishing Group,Mass Market Paperback,341,2012,2012,,2014/09/04,,,read,,,,1,,,0,,,,,
9595620,"Hammered (The Iron Druid Chronicles, #3)",Kevin Hearne,"Hearne, Kevin",,"=""0345522486""","=""9780345522481""",4,4.21,Random House Publishing Group,Mass Market Paperback,312,2011,2011,,2014/09/04,,,read,,,,1,,,0,,,,,
9595650,"Hexed (The Iron Druid Chronicles, #2)",Kevin Hearne,"Hearne, Kevin",,"=""0345522494""","=""9780345522498""",4,4.22,Del Rey,Mass Market Paperback,296,2011,2011,,2014/09/04,,,read,,,,1,,,0,,,,,
9533378,"Hounded (The Iron Druid Chronicles, #1)",Kevin Hearne,"Hearne, Kevin",,"=""0345522478""","=""9780345522474""",4,4.08,Del Rey,Mass Market Paperback,304,2011,2011,,2014/09/04,,,read,,,,1,,,0,,,,,
9645260,"Dead Iron (Age of Steam, #1)",Devon Monk,"Monk, Devon",,"=""045146396X""","=""9780451463968""",0,3.59,Ace Books,Paperback,337,2011,2011,,2014/09/04,to-read,to-read (#59),to-read,,,,0,,,0,,,,,
17879401,"The Black Guard (The Long War, #1)",A.J.   Smith,"Smith, A.J.",,"=""1781855625""","=""9781781855621""",0,3.77,Head of Zeus,Hardcover,640,2013,2013,,2014/09/04,to-read,to-read (#58),to-read,,,,0,,,0,,,,,
15750692,"Malice (The Faithful and the Fallen, #1)",John Gwynne,"Gwynne, John",,"=""0230758452""","=""9780230758452""",0,4.15,Tor,Hardcover,672,2012,2012,,2014/09/04,to-read,to-read (#57),to-read,,,,0,,,0,,,,,
15810910,"The Thousand Names (The Shadow Campaigns, #1)",Django Wexler,"Wexler, Django",,"=""0451465105""","=""9780451465108""",0,4.05,Roc,Hardcover,513,2013,2013,,2014/09/04,to-read,to-read (#56),to-read,,,,0,,,0,,,,,
18191856,The Penitent Damned (The Shadow Campaigns #0.5),Django Wexler,"Wexler, Django",,"=""""","=""""",0,3.76,,ebook,20,2013,2013,,2014/09/04,to-read,to-read (#55),to-read,,,,0,,,0,,,,,
18933991,"Infamous Reign (Hellequin Chronicles, #2.5)",Steve McHugh,"McHugh, Steve",,"=""""","=""""",0,4.19,Steve McHugh,ebook,90,2013,2013,,2014/09/04,to-read,to-read (#54),to-read,,,,0,,,0,,,,,
18476843,"With Silent Screams  (Hellequin Chronicles, #3)",Steve McHugh,"McHugh, Steve",,"=""1612184588""","=""9781612184586""",3,4.28,47North,Paperback,454,2014,2014,,2014/09/04,,,read,,,,1,,,0,,,,,
7492383,"The Black Lung Captain (Tales of the Ketty Jay, #2)",Chris Wooding,"Wooding, Chris",,"=""0575085185""","=""9780575085183""",5,4.25,Gollancz,Paperback,442,2010,2010,,2014/08/28,,,read,,,,1,,,0,,,,,
6285903,"Retribution Falls (Tales of the Ketty Jay, #1)",Chris Wooding,"Wooding, Chris",,"=""0575085150""","=""9780575085152""",4,3.97,Gollancz,Paperback,380,2009,2009,2014/08/21,2014/08/01,,,read,,,,1,,,0,,,,,
17934530,Annihilation,Jeff VanderMeer,"VanderMeer, Jeff",,"=""0374104093""","=""9780374104092""",0,3.73,"Farrar, Straus and Giroux",Paperback,195,2014,2014,,2014/08/26,to-read,to-read (#52),to-read,,,,0,,,0,,,,,
3227063,"The Way of Shadows (Night Angel, #1)",Brent Weeks,"Weeks, Brent",,"=""0316033677""","=""9780316033671""",3,4.14,Orbit,Mass Market Paperback,645,2008,2008,2014/08/14,2014/07/16,,,read,,,,1,,,0,,,,,
11968600,"The Blacksmith's Son (Mageborn, #1)",Michael G. Manning,"Manning, Michael G.",,"=""""","=""""",0,3.90,,Kindle Edition,386,2011,2011,,2014/08/09,to-read,to-read (#51),to-read,,,,0,,,0,,,,,
41804,"I, Robot (Robot, #0.1)",Isaac Asimov,"Asimov, Isaac",,"=""0553803700""","=""9780553803709""",0,4.21,Bantam Books,Hardcover,224,2004,1950,,2014/08/08,to-read,to-read (#50),to-read,,,,0,,,0,,,,,
24213,Alice's Adventures in Wonderland / Through the Looking-Glass,Lewis Carroll,"Carroll, Lewis","John Tenniel, Martin Gardner","=""0451527747""","=""9780451527745""",0,4.06,Penguin Group (USA),Paperback,239,2000,1871,,2013/08/04,to-read,to-read (#49),to-read,,,,0,,,0,,,,,
15241,"The Two Towers (The Lord of the Rings, #2)",J.R.R. Tolkien,"Tolkien, J.R.R.","Peter S. Beagle, Дж.Р.Р. Толкін, Аліна Немірова, П. Риженко","=""0618346260""","=""9780618346264""",3,4.46,Houghton Mifflin,Paperback,322,2003,1954,,2014/08/01,,,read,,,,1,,,0,,,,,
8058301,"Ghost Story (The Dresden Files, #13)",Jim Butcher,"Butcher, Jim",,"=""045146379X""","=""9780451463791""",5,4.25,Roc Hardcover,Hardcover,481,2011,2011,,2014/08/01,,,read,,,,1,,,0,,,,,
10664113,"A Dance with Dragons (A Song of Ice and Fire, #5)",George R.R. Martin,"Martin, George R.R.",,"=""""","=""""",5,4.32,Bantam,Kindle Edition,1125,2011,2011,,2013/01/08,,,read,,,,1,,,0,,,,,
15881,"Harry Potter and the Chamber of Secrets (Harry Potter, #2)",J.K. Rowling,"Rowling, J.K.",Mary GrandPré,"=""""","=""""",4,4.43,Arthur A. Levine Books,Hardcover,341,1999,1998,,2014/08/01,,,read,,,,1,,,0,,,,,
91478,"Summer Knight (The Dresden Files, #4)",Jim Butcher,"Butcher, Jim",,"=""0451458923""","=""9780451458926""",5,4.26,Roc,Mass Market Paperback,446,2002,2002,,2014/08/01,,,read,,,,1,,,0,,,,,
91479,"Death Masks (The Dresden Files, #5)",Jim Butcher,"Butcher, Jim",,"=""0451459407""","=""9780451459404""",5,4.28,Roc,Mass Market Paperback,432,2003,2003,,2014/08/01,,,read,,,,1,,,0,,,,,
99383,"Blood Rites (The Dresden Files, #6)",Jim Butcher,"Butcher, Jim",,"=""0451459873""","=""9780451459879""",5,4.29,Roc,Paperback,435,2004,2004,,2014/08/01,,,read,,,,1,,,0,,,,,
11566,The Green Mile,Stephen King,"King, Stephen",,"=""0451933028""","=""9780451933027""",4,4.46,Penguin Signet,Paperback,592,1996,1996,,2014/08/01,,,read,,,,1,,,0,,,,,
3,"Harry Potter and the Sorcerer's Stone (Harry Potter, #1)",J.K. Rowling,"Rowling, J.K.",,"=""""","=""""",4,4.48,Scholastic Inc,Hardcover,309,2003,1997,,2014/08/01,,,read,,,,1,,,0,,,,,
10572,"A Clash of Kings  (A Song of Ice and Fire, #2)",George R.R. Martin,"Martin, George R.R.",,"=""0553381695""","=""9780553381696""",5,4.41,Bantam,Paperback,969,2002,1998,,2014/08/01,,,read,,,,1,,,0,,,,,
91475,"White Night (The Dresden Files, #9)",Jim Butcher,"Butcher, Jim",,"=""0451461401""","=""9780451461407""",5,4.38,Roc,Hardcover,407,2007,2007,,2014/08/01,,,read,,,,1,,,0,,,,,
91474,"Proven Guilty (The Dresden Files, #8)",Jim Butcher,"Butcher, Jim",,"=""0451461037""","=""9780451461032""",5,4.39,Roc,Paperback,547,2007,2006,,2014/08/01,,,read,,,,1,,,0,,,,,
2,"Harry Potter and the Order of the Phoenix (Harry Potter, #5)",J.K. Rowling,"Rowling, J.K.",Mary GrandPré,"=""""","=""""",5,4.50,Scholastic Inc.,Paperback,870,2004,2003,,2014/08/01,,,read,,,,1,,,0,,,,,
927979,"Small Favor (The Dresden Files, #10)",Jim Butcher,"Butcher, Jim",,"=""0451461894""","=""9780451461896""",5,4.44,Roc,Hardcover,545,2008,2008,,2014/08/01,,,read,,,,1,,,0,,,,,
13603717,"First Shift: Legacy (Shift, #1)",Hugh Howey,"Howey, Hugh",,"=""""","=""""",0,4.22,Broad Reach Publishing,Kindle Edition,238,2012,2012,,2014/08/01,to-read,to-read (#48),to-read,,,,0,,,0,,,,,
13314945,"The Unraveling (Wool, #4)",Hugh Howey,"Howey, Hugh",,"=""""","=""""",0,4.35,Broad Reach Publishing,Kindle Edition,166,2011,2011,,2014/08/01,to-read,to-read (#47),to-read,,,,0,,,0,,,,,
13202200,"Casting Off (Wool, #3)",Hugh Howey,"Howey, Hugh",Mehmet Rasim Emirosmanoğlu,"=""""","=""""",0,4.34,Broad Reach Publishing,Kindle Edition,122,2011,2011,,2014/08/01,to-read,to-read (#46),to-read,,,,0,,,0,,,,,
13178410,"Proper Gauge (Wool, #2)",Hugh Howey,"Howey, Hugh",,"=""""","=""""",0,4.15,Broad Reach Publishing,Kindle Edition,106,2011,2011,,2014/08/01,to-read,to-read (#45),to-read,,,,0,,,0,,,,,
12287209,"Wool (Wool, #1)",Hugh Howey,"Howey, Hugh",,"=""""","=""""",0,4.12,Broad Reach,Kindle Edition,58,2011,2011,,2014/08/01,to-read,to-read (#44),to-read,,,,0,,,0,,,,,
17855756,"Dust (Silo, #3)",Hugh Howey,"Howey, Hugh",,"=""1490904387""","=""9781490904382""",0,4.25,Broad Reach Publishing,Paperback,458,2013,2013,,2014/08/01,to-read,to-read (#43),to-read,,,,0,,,0,,,,,
13453029,"Wool Omnibus (Silo, #1)",Hugh Howey,"Howey, Hugh",,"=""""","=""""",3,4.21,Broad Reach Publishing,Kindle Edition,509,2012,2012,,2013/01/08,,,read,,,,1,,,0,,,,,
13425846,"The Stranded (Wool, #5)",Hugh Howey,"Howey, Hugh",,"=""""","=""""",0,4.35,Broad Reach Publishing ,Kindle Edition,254,2012,2012,,2014/08/01,to-read,to-read (#42),to-read,,,,0,,,0,,,,,
17683,"Dead Beat (The Dresden Files, #7)",Jim Butcher,"Butcher, Jim",,"=""045146091X""","=""9780451460912""",5,4.40,Roc,Mass Market Paperback,517,2006,2005,,2014/08/01,,,read,,,,1,,,0,,,,,
3475161,"Turn Coat (The Dresden Files, #11)",Jim Butcher,"Butcher, Jim",,"=""0451462564""","=""9780451462565""",5,4.43,Roc,Hardcover,418,2009,2009,,2014/08/01,,,read,,,,1,,,0,,,,,
13496,"A Game of Thrones (A Song of Ice and Fire, #1)",George R.R. Martin,"Martin, George R.R.",,"=""0553588486""","=""9780553588484""",5,4.44,Bantam,Mass Market Paperback,835,2005,1996,,2014/08/01,,,read,,,,1,,,0,,,,,
5,"Harry Potter and the Prisoner of Azkaban (Harry Potter, #3)",J.K. Rowling,"Rowling, J.K.",Mary GrandPré,"=""043965548X""","=""9780439655484""",5,4.58,Scholastic Inc.,Mass Market Paperback,435,2004,1999,,2014/08/01,,,read,,,,1,,,0,,,,,
6,"Harry Potter and the Goblet of Fire (Harry Potter, #4)",J.K. Rowling,"Rowling, J.K.",Mary GrandPré,"=""""","=""""",5,4.57,Scholastic,Paperback,734,2002,2000,,2014/08/01,,,read,,,,1,,,0,,,,,
3019950,Verdigris Deep,Frances Hardinge,"Hardinge, Frances",,"=""0330441906""","=""9780330441902""",0,3.74,Macmillan Children's Books,Paperback,336,2008,2007,,2014/08/01,to-read,to-read (#41),to-read,,,,0,,,0,,,,,
710437,Fly by Night,Frances Hardinge,"Hardinge, Frances",,"=""0060876271""","=""9780060876272""",0,3.78,HarperCollins Publishers,Hardcover,486,2006,2005,,2014/08/01,to-read,to-read (#40),to-read,,,,0,,,0,,,,,
7064529,Gullstruck Island,Frances Hardinge,"Hardinge, Frances",,"=""0330441914""","=""9780330441919""",0,4.13,MacMillan UK,Paperback,498,2010,2008,,2014/08/01,to-read,to-read (#39),to-read,,,,0,,,0,,,,,
20572455,"Skin Game (The Dresden Files, #15)",Jim Butcher,"Butcher, Jim",,"=""""","=""""",5,4.56,Roc,Kindle Edition,610,2014,2014,,2014/08/01,,,read,,,,1,,,0,,,,,
9601799,"A Dance of Cloaks (Shadowdance, #1)",David Dalglish,"Dalglish, David",,"=""1453706011""","=""9781453706015""",0,3.75,CreateSpace Independent Publishing Platform,Paperback,386,2010,2010,,2014/08/01,to-read,to-read (#38),to-read,,,,0,,,0,,,,,
1096639,"Weapon of Flesh (Weapon of Flesh, #1)",Chris A. Jackson,"Jackson, Chris A.",,"=""1419607952""","=""9781419607950""",0,3.76,Booksurge Publishing,Paperback,368,2005,2005,,2014/08/01,to-read,to-read (#37),to-read,,,,0,,,0,,,,,
18405221,"Queen of Fire (Raven's Shadow, #3)",Anthony Ryan,"Ryan, Anthony",,"=""""","=""""",0,3.69,Ace,Kindle Edition,643,2015,2015,,2014/07/31,to-read,to-read (#36),to-read,,,,0,,,0,,,,,
50027,"Homeland (Forgotten Realms: The Dark Elf Trilogy, #1; Legend of Drizzt, #1)",R.A. Salvatore,"Salvatore, R.A.",,"=""""","=""""",0,4.25,Wizards of the Coast,Mass Market Paperback,343,2005,1990,,2014/07/29,to-read,to-read (#35),to-read,,,,0,,,0,,,,,
20637206,The Chapel Perilous (The Iron Druid Chronicles #4.5),Kevin Hearne,"Hearne, Kevin",,"=""""","=""""",3,4.16,,Kindle Edition,33,2014,2014,,2014/06/04,,,read,,,,1,,,0,,,,,
2890090,"The Republic of Thieves (Gentleman Bastard, #3)",Scott Lynch,"Lynch, Scott",,"=""0553804693""","=""9780553804690""",4,4.21,Del Rey,Hardcover,650,2013,2013,2014/07/29,2014/07/16,,,read,,,,1,,,0,,,,,
6736971,"The Desert Spear (Demon Cycle, #2)",Peter V. Brett,"Brett, Peter V.",,"=""0345503813""","=""9780345503817""",0,4.20,Del Rey,Hardcover,579,2010,2010,,2013/01/08,to-read,to-read (#34),to-read,,,,0,,,0,,,,,
16280678,"Shattered (The Iron Druid Chronicles, #7)",Kevin Hearne,"Hearne, Kevin",,"=""0345548485""","=""9780345548481""",3,4.28,Del Rey,Hardcover,352,2014,2014,,2014/06/04,,,read,,,,1,,,0,,,,,
311864,"Heroes Die (The Acts of Caine, #1)",Matthew Woodring Stover,"Stover, Matthew Woodring",,"=""0345421450""","=""9780345421456""",0,4.09,Del Rey,Mass Market Paperback,545,1999,1998,,2014/07/16,to-read,to-read (#33),to-read,,,,0,,,0,,,,,
15998999,"The Mage and the Master Spy (Gentleman Bastard, #6)",Scott Lynch,"Lynch, Scott",,"=""""","=""""",0,4.14,,Hardcover,,,,,2014/07/16,to-read,to-read (#31),to-read,,,,0,,,0,,,,,
15999003,"Inherit the Night (Gentleman Bastard, #7)",Scott Lynch,"Lynch, Scott",,"=""""","=""""",0,3.94,,Hardcover,,,,,2014/07/16,to-read,to-read (#32),to-read,,,,0,,,0,,,,,
10626950,"The Ministry of Necessity (Gentleman Bastard, #5)",Scott Lynch,"Lynch, Scott",,"=""""","=""""",0,4.22,Gollancz,Hardcover,,,,,2014/07/16,to-read,to-read (#30),to-read,,,,0,,,0,,,,,
8074907,"The Thorn of Emberlain (Gentleman Bastard, #4)",Scott Lynch,"Lynch, Scott",,"=""0575079584""","=""9780575079588""",0,4.30,Gollancz,Hardcover,512,,,,2014/07/16,to-read,to-read (#29),to-read,,,,0,,,0,,,,,
887877,"Red Seas Under Red Skies (Gentleman Bastard, #2)",Scott Lynch,"Lynch, Scott",,"=""0553804685""","=""9780553804683""",3,4.23,Bantam Spectra,Hardcover,558,2007,2007,,2014/07/16,,,read,,,,1,,,0,,,,,
127455,"The Lies of Locke Lamora (Gentleman Bastard, #1)",Scott Lynch,"Lynch, Scott",,"=""0553804677""","=""9780553804676""",4,4.28,Bantam Spectra,Hardcover,499,2006,2006,2014/07/16,2014/02/18,,,read,,,,1,,,0,,,,,
18214414,"The Silkworm (Cormoran Strike, #2)",Robert Galbraith,"Galbraith, Robert",,"=""0316206873""","=""9780316206877""",0,4.04,Mulholland Books,Hardcover,456,2014,2014,,2014/06/05,to-read,to-read (#28),to-read,,,,0,,,0,,,,,
16160797,"The Cuckoo's Calling (Cormoran Strike, #1)",Robert Galbraith,"Galbraith, Robert",,"=""0316206849""","=""9780316206846""",0,3.87,Mulholland Books,Hardcover,456,2013,2013,,2014/06/05,to-read,to-read (#27),to-read,,,,0,,,0,,,,,
104089,Tigana,Guy Gavriel Kay,"Kay, Guy Gavriel",,"=""0451457765""","=""9780451457769""",0,4.08,Roc,Paperback,676,1999,1990,,2014/06/04,to-read,to-read (#26),to-read,,,,0,,,0,,,,,
16280691,"Scourged (The Iron Druid Chronicles, #9)",Kevin Hearne,"Hearne, Kevin",,"=""034554854X""","=""9780345548542""",0,3.97,Del Rey,Hardcover,268,2018,2018,,2014/06/04,to-read,to-read (#25),to-read,,,,0,,,0,,,,,
51964,"Old Man's War (Old Man's War, #1)",John Scalzi,"Scalzi, John",,"=""0765348276""","=""9780765348272""",0,4.23,Tor Books,Mass Market Paperback,355,2007,2005,,2014/04/10,to-read,to-read (#24),to-read,,,,0,,,0,,,,,
1006596,"K-Pax (K-Pax, #1)",Gene Brewer,"Brewer, Gene",,"=""0312977026""","=""9780312977023""",0,4.09,St. Martin's Paperbacks,Paperback,256,2001,1995,,2014/04/06,to-read,to-read (#23),to-read,,,,0,,,0,,,,,
338327,The Boat of a Million Years,Poul Anderson,"Anderson, Poul",,"=""0765310244""","=""9780765310248""",0,3.83,Tor Books,Paperback,470,2004,1989,,2014/04/06,to-read,to-read (#22),to-read,,,,0,,,0,,,,,
13542606,Kill Decision,Daniel Suarez,"Suarez, Daniel",,"=""0525952616""","=""9780525952619""",0,3.97,Dutton Books,Hardcover,400,2012,2012,,2014/03/13,to-read,to-read (#21),to-read,,,,0,,,0,,,,,
18114057,Influx,Daniel Suarez,"Suarez, Daniel",,"=""0525953183""","=""9780525953180""",0,3.93,Dutton,Hardcover,406,2014,2014,,2014/03/13,to-read,to-read (#20),to-read,,,,0,,,0,,,,,
14497,"Neverwhere (London Below, #1)",Neil Gaiman,"Gaiman, Neil",,"=""0060557818""","=""9780060557812""",3,4.17,William Morrow Paperbacks,Paperback,370,2003,1996,,2013/11/12,,,read,,,,1,,,0,,,,,
13569581,"Blood Song (Raven's Shadow, #1)",Anthony Ryan,"Ryan, Anthony",,"=""""","=""""",5,4.40,Anthony  Ryan,Kindle Edition,591,2012,2011,,2013/09/02,,,read,,,,1,,,0,,,,,
10361837,Richard Dawkins' God Delusion: A Repentant Refutation,Klaus Nürnberger,"Nürnberger, Klaus",,"=""1450059821""","=""9781450059824""",3,3.69,Xlibris Corporation,Paperback,220,2010,2010,,2013/01/10,,,read,,,,1,,,0,,,,,
13608133,"Crimes Against Magic (Hellequin Chronicles, #1)",Steve McHugh,"McHugh, Steve",,"=""""","=""""",4,4.04,Hidden Realms Publishing,Kindle Edition,388,2012,2012,,2013/01/08,,,read,,,,1,,,0,,,,,
9579634,"Prince of Thorns (The Broken Empire, #1)",Mark  Lawrence,"Lawrence, Mark",,"=""0007423292""","=""9780007423293""",2,3.85,Voyager,Hardcover,373,2011,2011,,2013/01/08,,,read,,,,1,,,0,,,,,
14743,The God Delusion,Richard Dawkins,"Dawkins, Richard",,"=""0618680004""","=""9780618680009""",3,3.90,Houghton Mifflin Co. (Boston/NY),Hardcover,374,2006,2006,,2013/01/10,,,read,,,,1,,,0,,,,,
8801543,"Among Thieves (Tales of the Kin, #1)",Douglas Hulick,"Hulick, Douglas",,"=""0451463900""","=""9780451463906""",0,3.94,Roc,Mass Market Paperback,414,2011,2011,,2014/02/18,to-read,to-read (#19),to-read,,,,0,,,0,,,,,
448873,"The Thief (The Queen's Thief, #1)",Megan Whalen Turner,"Turner, Megan Whalen",,"=""0060824972""","=""9780060824976""",0,3.87,Greenwillow Books,Paperback,280,2005,1996,,2014/02/18,to-read,to-read (#18),to-read,,,,0,,,0,,,,,
3173125,Beat the Reaper (Peter Brown #1),Josh Bazell,"Bazell, Josh",,"=""0316032220""","=""9780316032223""",0,3.79,"Little, Brown and Company",Hardcover,320,2009,2009,,2014/02/18,to-read,to-read (#17),to-read,,,,0,,,0,,,,,
9466833,"Den of Thieves (Ancient Blades, #1)",David   Chandler,"Chandler, David",,"=""0062021249""","=""9780062021243""",0,3.59,HarperCollins Publishers,Mass Market Paperback,465,2011,2011,,2014/02/18,to-read,to-read (#16),to-read,,,,0,,,0,,,,,
3428935,"The Warded Man (Demon Cycle, #1)",Peter V. Brett,"Brett, Peter V.",,"=""0345503805""","=""9780345503800""",0,4.24,Random House,Hardcover,416,2009,2008,,2014/02/18,to-read,to-read (#15),to-read,,,,0,,,0,,,,,
10790290,"Theft of Swords (The Riyria Revelations, #1-2)",Michael J. Sullivan,"Sullivan, Michael J.",,"=""0316187747""","=""9780316187749""",0,4.20,Orbit,Paperback,649,2011,2011,,2014/02/18,to-read,to-read (#14),to-read,,,,0,,,0,,,,,
208,"A Shadow in Summer (Long Price Quartet, #1)",Daniel Abraham,"Abraham, Daniel",,"=""0765313405""","=""9780765313409""",0,3.62,Tor Books,Hardcover,331,2006,2006,,2014/02/18,to-read,to-read (#13),to-read,,,,0,,,0,,,,,
8752885,"The Dragon's Path (The Dagger and the Coin, #1)",Daniel Abraham,"Abraham, Daniel",,"=""1841498874""","=""9781841498874""",0,3.80,Orbit,Paperback,555,2011,2011,,2014/02/18,to-read,to-read (#12),to-read,,,,0,,,0,,,,,
8722254,"God Touched (Demon Accords, #1)",John Conroe,"Conroe, John",,"=""""","=""""",0,4.16,,Kindle Edition,408,2010,2010,,2014/02/13,to-read,to-read (#11),to-read,,,,0,,,0,,,,,
19485109,"The Purge of Babylon (Purge of Babylon, #1)",Sam Sisavath,"Sisavath, Sam",,"=""0615922376""","=""9780615922379""",0,4.08,Road to Babylon Media,Paperback,483,2013,2013,,2014/01/11,to-read,to-read (#10),to-read,,,,0,,,0,,,,,
3636,"The Giver (The Giver, #1)",Lois Lowry,"Lowry, Lois",,"=""0385732554""","=""9780385732550""",0,4.13,Ember,Paperback,208,2006,1993,,2014/01/08,to-read,to-read (#9),to-read,,,,0,,,0,,,,,
18047306,"House of Blades (Traveler's Gate, #1)",Will Wight,"Wight, Will",,"=""""","=""""",0,4.07,Hidden Gnome Publishing,Kindle Edition,294,2013,2013,,2013/12/28,to-read,to-read (#9),to-read,,,,0,,,0,,,,,
322067,Soldier of the Mist (Latro #1),Gene Wolfe,"Wolfe, Gene",,"=""0812558154""","=""9780812558159""",0,3.96,Tor Books,Paperback,335,1987,1986,,2013/11/30,to-read,to-read (#8),to-read,,,,0,,,0,,,,,
9969571,"Ready Player One (Ready Player One, #1)",Ernest Cline,"Cline, Ernest",,"=""030788743X""","=""9780307887436""",0,4.24,Crown Publishers,Hardcover,374,2011,2011,,2013/09/21,to-read,to-read (#7),to-read,,,,0,,,0,,,,,
12844699,"Libriomancer (Magic Ex Libris, #1)",Jim C. Hines,"Hines, Jim C.",,"=""0756407397""","=""9780756407391""",0,3.80,DAW,Hardcover,308,2012,2012,,2013/08/12,to-read,to-read (#6),to-read,,,,0,,,0,,,,,
144127,The Runelords (Runelords #1),David Farland,"Farland, David",,"=""0812541626""","=""9780812541625""",0,3.77,Tor Fantasy,Mass Market Paperback,613,1999,1998,,2013/08/04,to-read,to-read (#5),to-read,,,,0,,,0,,,,,
1111572,All the Beautiful Sinners,Stephen Graham Jones,"Jones, Stephen Graham",,"=""1590710088""","=""9781590710081""",3,3.74,Rugged Land,Hardcover,486,2010,2003,,2013/08/03,,,read,,,,1,,,0,,,,,
5907,"The Hobbit, or There and Back Again",J.R.R. Tolkien,"Tolkien, J.R.R.","Michael Hague, Jemima Catlin, Douglas A. Anderson","=""""","=""""",3,4.28,Houghton Mifflin,Paperback,366,2002,1937,,2012/12/01,,,read,,,,1,,,0,,,,,
1885,Pride and Prejudice,Jane Austen,"Austen, Jane",Anna Quindlen,"=""""","=""""",0,4.28,Modern Library,Paperback,279,2000,1813,,2013/08/03,to-read,to-read (#4),to-read,,,,0,,,0,,,,,
13485378,Lone Survivor:  The Eyewitness Account of Operation Redwing and the Lost Heroes of SEAL Team 10,Marcus Luttrell,"Luttrell, Marcus",Patrick Robinson,"=""""","=""""",0,4.31,,Kindle Edition,,,2006,,2013/01/10,to-read,to-read (#3),to-read,,,,0,,,0,,,,,
5759,Fight Club,Chuck Palahniuk,"Palahniuk, Chuck",,"=""0393327345""","=""9780393327342""",4,4.19,W.W. Norton & Company (NYC),Paperback,218,2005,1996,,2013/01/08,,,read,,,,1,,,0,,,,,
16250940,"Born of Hatred (Hellequin Chronicles, #2)",Steve McHugh,"McHugh, Steve",,"=""1481270443""","=""9781481270441""",4,4.27,Hidden Realms Publishing,ebook,508,2012,2012,,2013/01/08,,,read,,,,1,,,0,,,,,
711901,Lone Survivor: The Eyewitness Account of Operation Redwing and the Lost Heroes of SEAL Team 10,Marcus Luttrell,"Luttrell, Marcus",Patrick Robinson,"=""0316067598""","=""9780316067591""",0,4.31,"Little, Brown and Company",Hardcover,390,2007,2006,,2013/01/10,to-read,to-read (#2),to-read,,,,0,,,0,,,,,
16148938,"Second Shift: Order (Shift, #2)",Hugh Howey,"Howey, Hugh",,"=""""","=""""",0,4.27,Broad Reach Publishing,Kindle Edition,268,2012,2012,,2013/01/08,to-read,to-read (#1),to-read,,,,0,,,0,,,,,
2429135,"The Girl with the Dragon Tattoo (Millennium, #1)",Stieg Larsson,"Larsson, Stieg",Reg Keeland,"=""""","=""""",4,4.15,Knopf,Hardcover,480,2008,2005,,2012/12/01,,,read,,,,1,,,0,,,,,
